sequence,record_type,poi_name,found_date,location_displayed,sender,screenshot_path,original_filename,sha256,byte_identical_occurrence_group,rating,recommendation,research_confidence,research_status,research_summary,confirmed_facts,inferences,unresolved_questions,source_urls,star_visible_in_screenshot,deletion_toast_visible,chat_occurrences,screenshot_notes,notes_from_insertion
1,postcard,騎海馬,2026-07-31,"Yanliao Village, Shoufeng Township",Yumi,screenshots/001_2026-07-31_騎海馬.jpeg,4D5D334B-8877-4DFE-B48A-A7CE1A801105.jpeg,9eb70c1f84c10204438464a1af111e0404b1eef9c983740f782c5b825d998408,,,,not_recovered,prior_research_not_recovered_from_compacted_context,"The original postcard screenshot and its visible metadata are preserved. This session did contain postcard-by-postcard discussion, but the full prior assistant research text for this item was not available in the compacted conversation context used during export. No replacement web research was invented or silently substituted.",,,Recover/merge the original per-postcard research from the source-session transcript if available.,,False,False,,,
2,postcard,石城社區活動中心,2026-08-02,"Taixing Village, Dongshi District",Yeii,screenshots/002_2026-08-02_石城社區活動中心.png,9A8F2907-E5B2-4A67-BCFD-5901889CF63A.png,34d36d05c2a136d32c83584ed19e29bffd04203a1bbab6dbd1353c31d794cbcb,,,,not_recovered,prior_research_not_recovered_from_compacted_context,"The original postcard screenshot and its visible metadata are preserved. This session did contain postcard-by-postcard discussion, but the full prior assistant research text for this item was not available in the compacted conversation context used during export. No replacement web research was invented or silently substituted.",,,Recover/merge the original per-postcard research from the source-session transcript if available.,,False,False,,,
3,postcard,紫荊廊,2026-05-27,Wan Chai,Sha,screenshots/003_2026-05-27_紫荊廊.png,C88252D9-331C-4F20-9480-17C46AC855AE.png,ce44c1447416e4a5dc72ef61c02ad8c0a5e210c668dc2b94d317afc886741669,,,,not_recovered,prior_research_not_recovered_from_compacted_context,"The original postcard screenshot and its visible metadata are preserved. This session did contain postcard-by-postcard discussion, but the full prior assistant research text for this item was not available in the compacted conversation context used during export. No replacement web research was invented or silently substituted.",,,Recover/merge the original per-postcard research from the source-session transcript if available.,,False,False,,,
4,postcard,伊切町八幡神社,2026-08-01,"Kaga, Ikirimachi",V,screenshots/004_2026-08-01_伊切町八幡神社.jpeg,97B0C290-0F9B-4F86-98ED-403A407E62F0.jpeg,d6c67fce06cf3224af1921a47d68513dc5cf422608569ccc0323eef434be7903,,,,not_recovered,prior_research_not_recovered_from_compacted_context,"The original postcard screenshot and its visible metadata are preserved. This session did contain postcard-by-postcard discussion, but the full prior assistant research text for this item was not available in the compacted conversation context used during export. No replacement web research was invented or silently substituted.",,,Recover/merge the original per-postcard research from the source-session transcript if available.,,False,False,,,
5,postcard,野森動物學校-狐狸谷-星月水鐵所,2026-05-17,"Neinan Village, Neimen District",C.C.,screenshots/005_2026-05-17_野森動物學校-狐狸谷-星月水鐵所.jpeg,3178AAEE-9629-4B90-924F-6CD8D3B881CC.jpeg,348a900e38d8bf7295e0d85085b0a3f7dc61363e73ab0b55d8d9bd8cc228eb1c,,,,not_recovered,prior_research_not_recovered_from_compacted_context,"The original postcard screenshot and its visible metadata are preserved. This session did contain postcard-by-postcard discussion, but the full prior assistant research text for this item was not available in the compacted conversation context used during export. No replacement web research was invented or silently substituted.",,,Recover/merge the original per-postcard research from the source-session transcript if available.,,False,False,,,
6,postcard,東京ディズニーランドELIAS HOTEL,2026-07-31,Urayasu,のすけ,screenshots/006_2026-07-31_東京ディズニーランドELIAS-HOTEL.png,0A225A0F-9A74-4EAA-B3E4-1361C275C1A5.png,0dc7e8f6b399e26c9f72524f7685bb73cc83685138aa9878fefeab90a84b86f9,,,,not_recovered,prior_research_not_recovered_from_compacted_context,"The original postcard screenshot and its visible metadata are preserved. This session did contain postcard-by-postcard discussion, but the full prior assistant research text for this item was not available in the compacted conversation context used during export. No replacement web research was invented or silently substituted.",,,Recover/merge the original per-postcard research from the source-session transcript if available.,,False,False,,,
7,postcard,希臘風情城堡建築,2026-04-29,"Alian Village, Alian District",C.C.,screenshots/007_2026-04-29_希臘風情城堡建築.jpeg,D8807252-2D1D-4920-B239-6D0179106C6A.jpeg,0085f43fa2cea850b11fb50cc244b2584fde27153aacab5c254a7c9d2c75e09d,,,,not_recovered,prior_research_not_recovered_from_compacted_context,"The original postcard screenshot and its visible metadata are preserved. This session did contain postcard-by-postcard discussion, but the full prior assistant research text for this item was not available in the compacted conversation context used during export. No replacement web research was invented or silently substituted.",,,Recover/merge the original per-postcard research from the source-session transcript if available.,,False,False,,,
8,postcard,布施郵便局,2026-07-31,"Okinoshima, Fuse",V,screenshots/008_2026-07-31_布施郵便局.jpeg,DF6C3A1B-81B4-414E-8EF1-DC12384A6172.jpeg,3e3c81fd9dfbfc888a738152b128eab80af86e7995ecbdc0734838a3794bd53a,,,,not_recovered,prior_research_not_recovered_from_compacted_context,"The original postcard screenshot and its visible metadata are preserved. This session did contain postcard-by-postcard discussion, but the full prior assistant research text for this item was not available in the compacted conversation context used during export. No replacement web research was invented or silently substituted.",,,Recover/merge the original per-postcard research from the source-session transcript if available.,,False,False,,,
9,postcard,旋旋轉,2026-06-19,"Telford Gardens, Kowloon Bay",花花,screenshots/009_2026-06-19_旋旋轉.jpeg,FBA77B36-72FF-4042-9875-5DB44ECF20D5.jpeg,c142d120c8678a94dd3033b861ec0965a28a4f8e939f76f965d8ba8ac89f6238,,,,not_recovered,prior_research_not_recovered_from_compacted_context,"The original postcard screenshot and its visible metadata are preserved. This session did contain postcard-by-postcard discussion, but the full prior assistant research text for this item was not available in the compacted conversation context used during export. No replacement web research was invented or silently substituted.",,,Recover/merge the original per-postcard research from the source-session transcript if available.,,False,False,,,
10,postcard,“Taking Flight”,2026-07-06,Laramie,Tribble Mountain Time,screenshots/010_2026-07-06_“Taking-Flight”.jpeg,880192F2-F30E-4E53-92BA-A6395A98A0BE.jpeg,a776100403b4bd53c62fa2eabb9f61a6cb9ab361d1c770ddbee64b4b61a50cf6,,,,not_recovered,prior_research_not_recovered_from_compacted_context,"The original postcard screenshot and its visible metadata are preserved. This session did contain postcard-by-postcard discussion, but the full prior assistant research text for this item was not available in the compacted conversation context used during export. No replacement web research was invented or silently substituted.",,,Recover/merge the original per-postcard research from the source-session transcript if available.,,False,True,,,
11,postcard,蘇澳城隍爺沿革,2026-07-17,"Suxi Village, Suao Township",翊翊,screenshots/011_2026-07-17_蘇澳城隍爺沿革.jpeg,E906C996-E194-4799-8279-1098CCE62D58.jpeg,9b4ed8e879f7d814e49c1263eb11db17928e5bedb60850735bc88f012fa3728e,,,,not_recovered,prior_research_not_recovered_from_compacted_context,"The original postcard screenshot and its visible metadata are preserved. This session did contain postcard-by-postcard discussion, but the full prior assistant research text for this item was not available in the compacted conversation context used during export. No replacement web research was invented or silently substituted.",,,Recover/merge the original per-postcard research from the source-session transcript if available.,,False,False,,,
12,postcard,쉼터,2026-06-17,"(36.6768750, 127.3937000)",緑,screenshots/012_2026-06-17_쉼터.jpeg,9803777E-5A23-45B2-9736-3B9DD653F22B.jpeg,c1613c04446822a78466d8ea069893cb769b234434ccaac75ae6fd365033aed2,,,,not_recovered,prior_research_not_recovered_from_compacted_context,"The original postcard screenshot and its visible metadata are preserved. This session did contain postcard-by-postcard discussion, but the full prior assistant research text for this item was not available in the compacted conversation context used during export. No replacement web research was invented or silently substituted.",,,Recover/merge the original per-postcard research from the source-session transcript if available.,,False,True,,,
13,postcard,騰雲駕霧,2026-07-29,"Kanding Village, Tamsui District",Xuan,screenshots/013_2026-07-29_騰雲駕霧.png,C095A2DE-738C-4696-8611-182C203CBC6F.png,63c3535885983c2040b5a47f65a043810d1a308781bfb405f71f5c24e8b29da7,,,,not_recovered,prior_research_not_recovered_from_compacted_context,"The original postcard screenshot and its visible metadata are preserved. This session did contain postcard-by-postcard discussion, but the full prior assistant research text for this item was not available in the compacted conversation context used during export. No replacement web research was invented or silently substituted.",,,Recover/merge the original per-postcard research from the source-session transcript if available.,,False,False,,,
14,postcard,小老虎 貓頭鷹,2026-07-30,"Taoyuan, Beitou District",戰標のタツマキ,screenshots/014_2026-07-30_小老虎-貓頭鷹.png,6EB74C90-0635-4307-892A-63A88930BDB4.png,40e2951904cccf856c52889dcf4b922b12f5446b8608a2f39edc36d46b95bc7c,,,,not_recovered,prior_research_not_recovered_from_compacted_context,"The original postcard screenshot and its visible metadata are preserved. This session did contain postcard-by-postcard discussion, but the full prior assistant research text for this item was not available in the compacted conversation context used during export. No replacement web research was invented or silently substituted.",,,Recover/merge the original per-postcard research from the source-session transcript if available.,,False,False,,,
15,postcard,Les Fleurs Du Mal,2026-07-01,Tsim Sha Tsui,花花,screenshots/015_2026-07-01_Les-Fleurs-Du-Mal.png,5E96FEDE-D2FA-4427-AF3A-A66D2D803423.png,b9062a7798c638dfec113af8d54a8ffd2f457487c6579cefdfbfe0ad51030851,,,,not_recovered,prior_research_not_recovered_from_compacted_context,"The original postcard screenshot and its visible metadata are preserved. This session did contain postcard-by-postcard discussion, but the full prior assistant research text for this item was not available in the compacted conversation context used during export. No replacement web research was invented or silently substituted.",,,Recover/merge the original per-postcard research from the source-session transcript if available.,,False,False,,,
16,postcard,時代大道,2026-07-19,"Xingbang Village, Qianzhen District",C.C.,screenshots/016_2026-07-19_時代大道.jpeg,62C9D426-7508-4F99-8706-1E0A33707F09.jpeg,28002afb785061117cf265613a17c050844b463b849f9d1154f68cf9228c9e33,,,,not_recovered,prior_research_not_recovered_from_compacted_context,"The original postcard screenshot and its visible metadata are preserved. This session did contain postcard-by-postcard discussion, but the full prior assistant research text for this item was not available in the compacted conversation context used during export. No replacement web research was invented or silently substituted.",,,Recover/merge the original per-postcard research from the source-session transcript if available.,,False,False,,,
17,postcard,Roller Park,2026-07-29,"Saint-Laurent-des-Autels, Orée d'Anjou",Yumi,screenshots/017_2026-07-29_Roller-Park.jpeg,06D627FB-D933-4A78-994E-E458A250143E.jpeg,a48eec9a1ed0e8ebc4e52fe14dd70544ed47210343635109b41eaa5ed1a877de,,,,not_recovered,prior_research_not_recovered_from_compacted_context,"The original postcard screenshot and its visible metadata are preserved. This session did contain postcard-by-postcard discussion, but the full prior assistant research text for this item was not available in the compacted conversation context used during export. No replacement web research was invented or silently substituted.",,,Recover/merge the original per-postcard research from the source-session transcript if available.,,False,False,,,
18,postcard,守護與力量之鴿,2026-05-23,"Renyong, Shilin District",魚酥,screenshots/018_2026-05-23_守護與力量之鴿.png,B6D890E4-9A31-4585-818C-F65F4DCF000C.png,47b6f11bf57eab3aaaa211bfea9d8badce21e5ba2e45e8bcbc6dbefe515a34fe,,,,not_recovered,prior_research_not_recovered_from_compacted_context,"The original postcard screenshot and its visible metadata are preserved. This session did contain postcard-by-postcard discussion, but the full prior assistant research text for this item was not available in the compacted conversation context used during export. No replacement web research was invented or silently substituted.",,,Recover/merge the original per-postcard research from the source-session transcript if available.,,False,False,,,
19,postcard,純精路昭靈宮,2026-07-12,"Qunying Village, Dongshan Township",翊翊,screenshots/019_2026-07-12_純精路昭靈宮.jpeg,66DFF6D1-9DDB-4392-BEDD-CB805AAF8A6C.jpeg,b650b484c989946440d49c4fae395070b6e6195a117f59692aa1d74cdb4c5aa8,,,,not_recovered,prior_research_not_recovered_from_compacted_context,"The original postcard screenshot and its visible metadata are preserved. This session did contain postcard-by-postcard discussion, but the full prior assistant research text for this item was not available in the compacted conversation context used during export. No replacement web research was invented or silently substituted.",,,Recover/merge the original per-postcard research from the source-session transcript if available.,,False,False,,,
20,postcard,龍騰,2026-07-29,"Zhongyuan, Zhongshan District",Xuan,screenshots/020_2026-07-29_龍騰.jpeg,416A8286-CC3B-4628-9538-5260C004A85B.jpeg,c0342cfc8b7b9f3757f76918584295a475e59658212fe58a99896a78c1055ae8,,,,not_recovered,prior_research_not_recovered_from_compacted_context,"The original postcard screenshot and its visible metadata are preserved. This session did contain postcard-by-postcard discussion, but the full prior assistant research text for this item was not available in the compacted conversation context used during export. No replacement web research was invented or silently substituted.",,,Recover/merge the original per-postcard research from the source-session transcript if available.,,False,False,,,
21,postcard,林安泰古厝石橋,2026-04-22,"Xinzhuang, Zhongshan District",JessieJc,screenshots/021_2026-04-22_林安泰古厝石橋.jpeg,A970314E-585F-4D2D-B5CB-856C935A2711.jpeg,2f8e4540885b0c2051463f150f25cb1e0fccfbbed96c76510fa33e1d543add62,,,,not_recovered,prior_research_not_recovered_from_compacted_context,"The original postcard screenshot and its visible metadata are preserved. This session did contain postcard-by-postcard discussion, but the full prior assistant research text for this item was not available in the compacted conversation context used during export. No replacement web research was invented or silently substituted.",,,Recover/merge the original per-postcard research from the source-session transcript if available.,,True,False,,,
22,postcard,“Wild West (Social) Justice” Mural,2026-07-14,"Downtown, Laramie",Tribble Mountain Time,screenshots/022_2026-07-14_“Wild-West-(Social)-Justice”-Mural.jpeg,11F1CCF6-30F5-44E2-9A44-F61C46F769BA.jpeg,89b097fa225dd2341e3a761b11ed50542303c26dbbe3a542a1ff27ab0e5cfa6c,,,,not_recovered,prior_research_not_recovered_from_compacted_context,"The original postcard screenshot and its visible metadata are preserved. This session did contain postcard-by-postcard discussion, but the full prior assistant research text for this item was not available in the compacted conversation context used during export. No replacement web research was invented or silently substituted.",,,Recover/merge the original per-postcard research from the source-session transcript if available.,,False,False,,,
23,postcard,To gather together,2026-07-26,"Chinatown, Victoria",🍎Ching🍎,screenshots/023_2026-07-26_To-gather-together.png,B05A803B-E201-4DA4-B5CB-BF8CFC8B645F.png,4bf643c6d463e0eb3c232be61b521fedf76df7d05a79f3b6c28bc76258351852,,,,not_recovered,prior_research_not_recovered_from_compacted_context,"The original postcard screenshot and its visible metadata are preserved. This session did contain postcard-by-postcard discussion, but the full prior assistant research text for this item was not available in the compacted conversation context used during export. No replacement web research was invented or silently substituted.",,,Recover/merge the original per-postcard research from the source-session transcript if available.,,False,False,,,
24,postcard,油麻地警署,2026-03-25,Yau Ma Tei,Sha,screenshots/024_2026-03-25_油麻地警署.png,E876E5C1-4593-47DD-AF5A-54618AC7556C.png,977381ed8536ad917fb2a94c30f95b78e6d61553b502d18433acf3f356bb95b9,,,,not_recovered,prior_research_not_recovered_from_compacted_context,"The original postcard screenshot and its visible metadata are preserved. This session did contain postcard-by-postcard discussion, but the full prior assistant research text for this item was not available in the compacted conversation context used during export. No replacement web research was invented or silently substituted.",,,Recover/merge the original per-postcard research from the source-session transcript if available.,,False,False,,,
25,postcard,公園涼亭,2026-08-08,"Daoxiang, Beitou District",,screenshots/025_2026-08-08_公園涼亭.png,FA30CE23-8391-45B8-8065-B0E921775FD7.png,d8c36ecd98f98f522b0e67d55411e1f6e229c64228920abab7e00c6377c08bb8,,,,not_recovered,prior_research_not_recovered_from_compacted_context,"The original postcard screenshot and its visible metadata are preserved. This session did contain postcard-by-postcard discussion, but the full prior assistant research text for this item was not available in the compacted conversation context used during export. No replacement web research was invented or silently substituted.",,,Recover/merge the original per-postcard research from the source-session transcript if available.,,False,False,,,
26,postcard,きしべの路（二子玉川けやき緑地）,2026-08-09,"Setagaya, Hanamizuki-dori Street (Kinutasen-Ato)",Ushas,screenshots/026_2026-08-09_きしべの路（二子玉川けやき緑地）.jpeg,805D3A5A-FA19-45E6-8241-6876FED9DE0D.jpeg,fe3434476794550e2580edddcdb0bcc173d3a386698580b3cf0f3dfce9360907,,,,not_recovered,prior_research_not_recovered_from_compacted_context,"The original postcard screenshot and its visible metadata are preserved. This session did contain postcard-by-postcard discussion, but the full prior assistant research text for this item was not available in the compacted conversation context used during export. No replacement web research was invented or silently substituted.",,,Recover/merge the original per-postcard research from the source-session transcript if available.,,False,True,,,
27,postcard,蜂巢廊亭,2026-08-07,Shenzhen,花花,screenshots/027_2026-08-07_蜂巢廊亭.png,65845620-D212-40FC-A451-53AF5D2E5928.png,03070b9a13568bdf3b2355d7237c0464125c8f549e98ae0f5887d7146098db00,,,,not_recovered,prior_research_not_recovered_from_compacted_context,"The original postcard screenshot and its visible metadata are preserved. This session did contain postcard-by-postcard discussion, but the full prior assistant research text for this item was not available in the compacted conversation context used during export. No replacement web research was invented or silently substituted.",,,Recover/merge the original per-postcard research from the source-session transcript if available.,,False,False,,,
28,postcard,Nantes - Façade d’un Immeuble rue Jean Jaurès,2026-08-08,Nantes,Yumi,screenshots/028_2026-08-08_Nantes-Façade-d’un-Immeuble-rue-Jean-Jaurès.png,2B77198D-C544-4FC4-B758-AC17F6D36E79.png,615796a1a39022ff2885ed6c32da2a667488e01c7281740dcd7db2d437dfef5e,,,,not_recovered,prior_research_not_recovered_from_compacted_context,"The original postcard screenshot and its visible metadata are preserved. This session did contain postcard-by-postcard discussion, but the full prior assistant research text for this item was not available in the compacted conversation context used during export. No replacement web research was invented or silently substituted.",,,Recover/merge the original per-postcard research from the source-session transcript if available.,,False,False,,,
29,postcard,山縣孝亮先生像,2026-08-09,"Chuo, Nihombashi 3-Chōme",V,screenshots/029_2026-08-09_山縣孝亮先生像.png,A315B6C5-6203-4E77-906F-0DCC3CC31111.png,299beb9aef322af7aa192610d62d5ab377c89b2051831707dc45991f016b6f36,,,,not_recovered,prior_research_not_recovered_from_compacted_context,"The original postcard screenshot and its visible metadata are preserved. This session did contain postcard-by-postcard discussion, but the full prior assistant research text for this item was not available in the compacted conversation context used during export. No replacement web research was invented or silently substituted.",,,Recover/merge the original per-postcard research from the source-session transcript if available.,,False,False,,,
30,postcard,Gym Equipment,2026-08-09,Albion Park Rail,,screenshots/030_2026-08-09_Gym-Equipment.jpeg,C1B3014F-D9F2-4AC1-A1B1-27650E34CF0F.jpeg,9ade58530afbb3b9c0219065a60f286b66521694aa1e88ec7f640a5d937287c6,,,,not_recovered,prior_research_not_recovered_from_compacted_context,"The original postcard screenshot and its visible metadata are preserved. This session did contain postcard-by-postcard discussion, but the full prior assistant research text for this item was not available in the compacted conversation context used during export. No replacement web research was invented or silently substituted.",,,Recover/merge the original per-postcard research from the source-session transcript if available.,,False,False,,,
31,postcard,濱田屋,2026-08-09,"Setagaya, Sangenjaya 2-Chōme",,screenshots/031_2026-08-09_濱田屋.png,84C381A2-C0D8-4515-A58E-EF9C58F24E17.png,62ec7c9419053c6aa8613c43ca5d3cdf13fcfc22fed057557d898bdbb2a09f0f,,,,not_recovered,prior_research_not_recovered_from_compacted_context,"The original postcard screenshot and its visible metadata are preserved. This session did contain postcard-by-postcard discussion, but the full prior assistant research text for this item was not available in the compacted conversation context used during export. No replacement web research was invented or silently substituted.",,,Recover/merge the original per-postcard research from the source-session transcript if available.,,False,False,,,
32,postcard,世田谷コーポの小さな祠,2026-08-09,"Setagaya, Taishido 2-Chōme",,screenshots/032_2026-08-09_世田谷コーポの小さな祠.jpeg,3558FC48-2CF0-4F7E-A3BD-4C8D0BB92153.jpeg,653fc464614551e86e80af61c68933647d6acb6d0be2d9870101c18c2a83f35b,,,,not_recovered,prior_research_not_recovered_from_compacted_context,"The original postcard screenshot and its visible metadata are preserved. This session did contain postcard-by-postcard discussion, but the full prior assistant research text for this item was not available in the compacted conversation context used during export. No replacement web research was invented or silently substituted.",,,Recover/merge the original per-postcard research from the source-session transcript if available.,,False,False,,,
33,postcard,新大久保ガード下の壁画,2026-08-08,"Shinjuku, Hyakunincho 2-Chōme",Ushas,screenshots/033_2026-08-08_新大久保ガード下の壁画.png,5C53A730-157D-4275-BDB4-B502BCB961FD.png,4d26c9b1008ec95efde2c4f4475c825cad8aaafb54c06052b0dd262b7af631b4,,,,not_recovered,prior_research_not_recovered_from_compacted_context,"The original postcard screenshot and its visible metadata are preserved. This session did contain postcard-by-postcard discussion, but the full prior assistant research text for this item was not available in the compacted conversation context used during export. No replacement web research was invented or silently substituted.",,,Recover/merge the original per-postcard research from the source-session transcript if available.,,False,False,,,
34,postcard,遠企中心辦公大樓,2026-08-08,"Quanan, Daan District",V,screenshots/034_2026-08-08_遠企中心辦公大樓.png,B92311FC-1177-458F-9C5B-151D9F7FB2C5.png,91a0f381681e6aea6ad6cc743de0ebe3d63b35f000db403eb72265e6fca25b12,,,,not_recovered,prior_research_not_recovered_from_compacted_context,"The original postcard screenshot and its visible metadata are preserved. This session did contain postcard-by-postcard discussion, but the full prior assistant research text for this item was not available in the compacted conversation context used during export. No replacement web research was invented or silently substituted.",,,Recover/merge the original per-postcard research from the source-session transcript if available.,,False,False,,,
35,postcard,火車輪椅椅,2026-08-05,"Liming, Zhongzheng District",Xuan,screenshots/035_2026-08-05_火車輪椅椅.jpeg,B7286AE4-8335-4E01-8F30-7687E55E4831.jpeg,df4ee6e56024c340a18e826e1d5b8c9b28ae346f75df848b8dee448833f62644,,,,not_recovered,prior_research_not_recovered_from_compacted_context,"The original postcard screenshot and its visible metadata are preserved. This session did contain postcard-by-postcard discussion, but the full prior assistant research text for this item was not available in the compacted conversation context used during export. No replacement web research was invented or silently substituted.",,,Recover/merge the original per-postcard research from the source-session transcript if available.,,False,False,,,
36,postcard,都市百合,2026-08-07,"Baxian, Beitou District",,screenshots/036_2026-08-07_都市百合.png,94E17FA8-65C7-4D76-B293-C9ECE2241D50.png,37d52a78147149966359d9fbad5b622b3ac6f962320c04cc1b205cda9e198db6,,,,not_recovered,prior_research_not_recovered_from_compacted_context,"The original postcard screenshot and its visible metadata are preserved. This session did contain postcard-by-postcard discussion, but the full prior assistant research text for this item was not available in the compacted conversation context used during export. No replacement web research was invented or silently substituted.",,,Recover/merge the original per-postcard research from the source-session transcript if available.,,False,False,,,
37,postcard,Lumina General Trias Water Tank,2026-08-09,"San Francisco, General Trias",,screenshots/037_2026-08-09_Lumina-General-Trias-Water-Tank.png,D9474674-09E9-4AFF-B9A2-8AF6F11A4CAA.png,932520137d8b44d9f545413b02e2d1a18c80ba5c2481f83a61d682ad2e8cdb02,,,,not_recovered,prior_research_not_recovered_from_compacted_context,"The original postcard screenshot and its visible metadata are preserved. This session did contain postcard-by-postcard discussion, but the full prior assistant research text for this item was not available in the compacted conversation context used during export. No replacement web research was invented or silently substituted.",,,Recover/merge the original per-postcard research from the source-session transcript if available.,,False,False,,,
38,postcard,Rydsvägen Outdoor Gym,2026-08-05,"Ryd, Linköping",Subway北投店老闆,screenshots/038_2026-08-05_Rydsvägen-Outdoor-Gym.jpeg,04766069-A280-4DEF-B56E-980E9BB8CF6C.jpeg,af03795fd21fa661aeed6b74dcae3f015a9bb808b9f2fb24c6b1c48ee27aeed4,,,,not_recovered,prior_research_not_recovered_from_compacted_context,"The original postcard screenshot and its visible metadata are preserved. This session did contain postcard-by-postcard discussion, but the full prior assistant research text for this item was not available in the compacted conversation context used during export. No replacement web research was invented or silently substituted.",,,Recover/merge the original per-postcard research from the source-session transcript if available.,,False,False,,,
39,postcard,Post Owl,2026-08-08,"Meguro, Megurohoncho 5-Chōme",,screenshots/039_2026-08-08_Post-Owl.png,8FA5C082-18E4-470B-B7AC-986375023FEB.png,24cf139d9ce6692efdc615b556aa281ac8a3c45cdcdbab031cdda04dc707bf15,,,,not_recovered,prior_research_not_recovered_from_compacted_context,"The original postcard screenshot and its visible metadata are preserved. This session did contain postcard-by-postcard discussion, but the full prior assistant research text for this item was not available in the compacted conversation context used during export. No replacement web research was invented or silently substituted.",,,Recover/merge the original per-postcard research from the source-session transcript if available.,,False,False,,,
40,postcard,米ノ裏 恵比寿神社,2026-08-15,"Echizen, Komeno",V,screenshots/040_2026-08-15_米ノ裏-恵比寿神社.png,2026-08-16 11.30.06.png,363dc8f3f68d4627cf3d2100c15904a75451a5a66316ecad95f29df2fe59c4f6,,,,not_recovered,prior_research_not_recovered_from_compacted_context,"The original postcard screenshot and its visible metadata are preserved. This session did contain postcard-by-postcard discussion, but the full prior assistant research text for this item was not available in the compacted conversation context used during export. No replacement web research was invented or silently substituted.",,,Recover/merge the original per-postcard research from the source-session transcript if available.,,False,False,,,
41,postcard,Welcome to Morton NP,2026-08-15,Bundanoon,,screenshots/041_2026-08-15_Welcome-to-Morton-NP.png,2026-08-16 11.31.10.png,5cffa1d0a98836203cd06cf9afd0e3831a37d20e2ee39f35a1089ec6f50cb2e6,,,,not_recovered,prior_research_not_recovered_from_compacted_context,"The original postcard screenshot and its visible metadata are preserved. This session did contain postcard-by-postcard discussion, but the full prior assistant research text for this item was not available in the compacted conversation context used during export. No replacement web research was invented or silently substituted.",,,Recover/merge the original per-postcard research from the source-session transcript if available.,,False,False,,,
42,postcard,Pokemon Mural,2026-08-15,"Narita, Sanrizuka Goryo",,screenshots/042_2026-08-15_Pokemon-Mural.png,2026-08-16 11.31.05.png,1240c656ddf1ca220ed4e1a7d1f06832e5b4d43444ec065f561b3808d57f8e4e,,,,not_recovered,prior_research_not_recovered_from_compacted_context,"The original postcard screenshot and its visible metadata are preserved. This session did contain postcard-by-postcard discussion, but the full prior assistant research text for this item was not available in the compacted conversation context used during export. No replacement web research was invented or silently substituted.",,,Recover/merge the original per-postcard research from the source-session transcript if available.,,False,False,,,
43,postcard,Corbett Gardens,2026-08-12,Bowral,Catlover:3,screenshots/043_2026-08-12_Corbett-Gardens.png,2026-08-16 11.30.34.png,268e151de5c1a006168e9a8370cd747f083157774f9bd1f86bdd7fe00ac9e853,,,,not_recovered,prior_research_not_recovered_from_compacted_context,"The original postcard screenshot and its visible metadata are preserved. This session did contain postcard-by-postcard discussion, but the full prior assistant research text for this item was not available in the compacted conversation context used during export. No replacement web research was invented or silently substituted.",,,Recover/merge the original per-postcard research from the source-session transcript if available.,,False,False,,,
44,postcard,烈日下的觀塘壁畫,2026-05-21,Kwun Tong,花花,screenshots/044_2026-05-21_烈日下的觀塘壁畫.png,2026-08-16 11.30.29.png,0730db0fc5344fd31b2a27666106dccb4b77157f518a422a8bdbcccbf862c126,,,,not_recovered,prior_research_not_recovered_from_compacted_context,"The original postcard screenshot and its visible metadata are preserved. This session did contain postcard-by-postcard discussion, but the full prior assistant research text for this item was not available in the compacted conversation context used during export. No replacement web research was invented or silently substituted.",,,Recover/merge the original per-postcard research from the source-session transcript if available.,,False,False,,,
45,postcard,拾貝美術館,2026-08-12,"Aiguo, Zhongzheng District",JessieJc,screenshots/045_2026-08-12_拾貝美術館.png,2026-08-16 11.30.24.png,8f76fb1ab273cd1e4f5d4dcf4886c0cda1e9e6ea0c9cb57709efbe7e7b50030d,,,,not_recovered,prior_research_not_recovered_from_compacted_context,"The original postcard screenshot and its visible metadata are preserved. This session did contain postcard-by-postcard discussion, but the full prior assistant research text for this item was not available in the compacted conversation context used during export. No replacement web research was invented or silently substituted.",,,Recover/merge the original per-postcard research from the source-session transcript if available.,,False,False,,,
46,postcard,One Grantai Fontain,2026-07-31,"Our Lady of Carmel, Taipa",梨梨五,screenshots/046_2026-07-31_One-Grantai-Fontain.png,2026-08-16 11.30.19.png,95395660eaf8477d69b4a8078662e3b2c9f25ba312464fe72beea944388737d4,,,,not_recovered,prior_research_not_recovered_from_compacted_context,"The original postcard screenshot and its visible metadata are preserved. This session did contain postcard-by-postcard discussion, but the full prior assistant research text for this item was not available in the compacted conversation context used during export. No replacement web research was invented or silently substituted.",,,Recover/merge the original per-postcard research from the source-session transcript if available.,,False,False,,,
47,postcard,天空の街公園,2026-08-14,"Higashiosaka, Kamiishikiricho 2-Chōme",月と海,screenshots/047_2026-08-14_天空の街公園.png,2026-08-16 11.30.14.png,de5a440acdc8fa6adb9857bb46e010a2979dcc97f3eea875d9b768b36edde4da,,,,not_recovered,prior_research_not_recovered_from_compacted_context,"The original postcard screenshot and its visible metadata are preserved. This session did contain postcard-by-postcard discussion, but the full prior assistant research text for this item was not available in the compacted conversation context used during export. No replacement web research was invented or silently substituted.",,,Recover/merge the original per-postcard research from the source-session transcript if available.,,False,False,,,
48,postcard,渋谷暴動慰霊碑,2026-08-15,"Shibuya, Kamiyamacho",Ushas,screenshots/048_2026-08-15_渋谷暴動慰霊碑.png,Screenshot 2026-08-16 at 13.17.48.png,be7ec718a6082c467a64b678d01da7748b670fe43ca311c87333a1464c008f75,,,,not_recovered,prior_research_not_recovered_from_compacted_context,"The original postcard screenshot and its visible metadata are preserved. This session did contain postcard-by-postcard discussion, but the full prior assistant research text for this item was not available in the compacted conversation context used during export. No replacement web research was invented or silently substituted.",,,Recover/merge the original per-postcard research from the source-session transcript if available.,,False,False,,,
49,postcard,水盆,2026-08-12,"Yide, Beitou District",Yumi,screenshots/049_2026-08-12_水盆.png,Screenshot 2026-08-16 at 13.18.54.png,615fce76d61656c8d50a9a3fe7d02023ba208f5511fa8c9358d827996ee821a6,,,,not_recovered,prior_research_not_recovered_from_compacted_context,"The original postcard screenshot and its visible metadata are preserved. This session did contain postcard-by-postcard discussion, but the full prior assistant research text for this item was not available in the compacted conversation context used during export. No replacement web research was invented or silently substituted.",,,Recover/merge the original per-postcard research from the source-session transcript if available.,,False,False,,,
50,postcard,花蓮縣環境保護局生態滯洪池旁的橋,2026-08-14,"Minde Village, Hualien City",🍎Ching🍎,screenshots/050_2026-08-14_花蓮縣環境保護局生態滯洪池旁的橋.png,Screenshot 2026-08-16 at 13.18.49.png,bf01fae2c2abdafcf8b6269acff5ebb3b2c459e8aaf0a2c7450568774530c843,,,,not_recovered,prior_research_not_recovered_from_compacted_context,"The original postcard screenshot and its visible metadata are preserved. This session did contain postcard-by-postcard discussion, but the full prior assistant research text for this item was not available in the compacted conversation context used during export. No replacement web research was invented or silently substituted.",,,Recover/merge the original per-postcard research from the source-session transcript if available.,,False,False,,,
51,postcard,Metal Objects,2026-08-15,"Shibuya, Ebisu 1-Chōme",,screenshots/051_2026-08-15_Metal-Objects.png,Screenshot 2026-08-16 at 13.18.42.png,4c36b2dd17ef84ffb236a58986247a06160a32175be9f0485ad255c8aef8908e,,,,not_recovered,prior_research_not_recovered_from_compacted_context,"The original postcard screenshot and its visible metadata are preserved. This session did contain postcard-by-postcard discussion, but the full prior assistant research text for this item was not available in the compacted conversation context used during export. No replacement web research was invented or silently substituted.",,,Recover/merge the original per-postcard research from the source-session transcript if available.,,False,False,,,
52,postcard,旧新橋停車場 鉄道歴史展示室,2026-08-15,"Minato, Higashishimbashi 1-Chōme",,screenshots/052_2026-08-15_旧新橋停車場-鉄道歴史展示室.png,Screenshot 2026-08-16 at 13.18.36.png,ebad97220ef380c10404ffaf6043ac2df6b1d52cffc652038af7991679e4dcd0,,,,not_recovered,prior_research_not_recovered_from_compacted_context,"The original postcard screenshot and its visible metadata are preserved. This session did contain postcard-by-postcard discussion, but the full prior assistant research text for this item was not available in the compacted conversation context used during export. No replacement web research was invented or silently substituted.",,,Recover/merge the original per-postcard research from the source-session transcript if available.,,False,False,,,
53,postcard,廟街牌坊,2026-08-11,Jordan,Sha,screenshots/053_2026-08-11_廟街牌坊.png,Screenshot 2026-08-16 at 13.18.24.png,182a254451e5a62a696f2040c13e48a224d5f1e748ec3da1874da9ed363c883d,,,,not_recovered,prior_research_not_recovered_from_compacted_context,"The original postcard screenshot and its visible metadata are preserved. This session did contain postcard-by-postcard discussion, but the full prior assistant research text for this item was not available in the compacted conversation context used during export. No replacement web research was invented or silently substituted.",,,Recover/merge the original per-postcard research from the source-session transcript if available.,,False,False,,,
54,postcard,マニ車,2026-08-15,"Setagaya, Kamiuma 4-Chōme",,screenshots/054_2026-08-15_マニ車.png,Screenshot 2026-08-16 at 13.18.18.png,81048747780d08c97c1dfb8d15def690b29d82406ca3b51d415fb13fd335bbce,,,,not_recovered,prior_research_not_recovered_from_compacted_context,"The original postcard screenshot and its visible metadata are preserved. This session did contain postcard-by-postcard discussion, but the full prior assistant research text for this item was not available in the compacted conversation context used during export. No replacement web research was invented or silently substituted.",,,Recover/merge the original per-postcard research from the source-session transcript if available.,,False,False,,,
55,postcard,宗圓寺 石標,2026-08-15,"Setagaya, Tamagawa-dori Avenue",,screenshots/055_2026-08-15_宗圓寺-石標.png,Screenshot 2026-08-16 at 13.18.14.png,d8d6f31d14862974ab0a314c1a6b6c1bba445a4c619cba510aa1b1cc213c64db,,,,not_recovered,prior_research_not_recovered_from_compacted_context,"The original postcard screenshot and its visible metadata are preserved. This session did contain postcard-by-postcard discussion, but the full prior assistant research text for this item was not available in the compacted conversation context used during export. No replacement web research was invented or silently substituted.",,,Recover/merge the original per-postcard research from the source-session transcript if available.,,False,False,,,
56,postcard,Welcome to Morton NP,2026-08-15,Bundanoon,,screenshots/056_2026-08-15_Welcome-to-Morton-NP.png,Screenshot 2026-08-16 at 13.18.07.png,dbba9a5d9f6abef6096b03f4dc2dc3bf57092df3bf26cd425f5444d8e5e29f2e,,,,not_recovered,prior_research_not_recovered_from_compacted_context,"The original postcard screenshot and its visible metadata are preserved. This session did contain postcard-by-postcard discussion, but the full prior assistant research text for this item was not available in the compacted conversation context used during export. No replacement web research was invented or silently substituted.",,,Recover/merge the original per-postcard research from the source-session transcript if available.,,False,False,,Second distinct screenshot of the same postcard/POI.,
57,postcard,Skulstad Grusbane,2026-08-09,"Arna, Trengereid",Lynn,screenshots/057_2026-08-09_Skulstad-Grusbane.png,b6fd85f0-5cbb-45cc-867f-4e2e134f414a.png,28c201db01efb27f0c7b04f28f3166ceeed257d548cd70e5b782dcee7155aa53,57 | 68,,,not_recovered,prior_research_not_recovered_from_compacted_context,"The original postcard screenshot and its visible metadata are preserved. This session did contain postcard-by-postcard discussion, but the full prior assistant research text for this item was not available in the compacted conversation context used during export. No replacement web research was invented or silently substituted.",,,Recover/merge the original per-postcard research from the source-session transcript if available.,,False,False,user turn 44 | user turn 45 repeated byte-identical screenshot,,
58,postcard,生駒市カラーマンホールふた,,"Ikoma, Motomachi 1-Chōme",月と海,screenshots/058_unknown-date_生駒市カラーマンホールふた.png,Screenshot 2026-08-16 at 16.56.10.png,0835a1ca72d2132aac30bc3c560c220f3ee1c313eff7ec4f88b11f4af66f8147,,,,not_recovered,prior_research_not_recovered_from_compacted_context,"The original postcard screenshot and its visible metadata are preserved. This session did contain postcard-by-postcard discussion, but the full prior assistant research text for this item was not available in the compacted conversation context used during export. No replacement web research was invented or silently substituted.",,,Recover/merge the original per-postcard research from the source-session transcript if available.,,False,False,,,
59,postcard,Rivelut Park Outdoor Gym,2026-08-12,Bowral,Catlover:3,screenshots/059_2026-08-12_Rivelut-Park-Outdoor-Gym.png,Screenshot 2026-08-16 at 16.56.01.png,f28c943834653abc43b647207320c9ed195660d983f2eee9109ff89bb4165d36,,,,not_recovered,prior_research_not_recovered_from_compacted_context,"The original postcard screenshot and its visible metadata are preserved. This session did contain postcard-by-postcard discussion, but the full prior assistant research text for this item was not available in the compacted conversation context used during export. No replacement web research was invented or silently substituted.",,,Recover/merge the original per-postcard research from the source-session transcript if available.,,False,False,,,
60,postcard,鬼子母神堂,2026-08-14,"Minato, Nishiazabu 3-Chōme",,screenshots/060_2026-08-14_鬼子母神堂.png,Screenshot 2026-08-16 at 16.55.54.png,5b742770df76e20f78f86364c98be7e29d448da18ed0950cb00b43940c956be8,,,,not_recovered,prior_research_not_recovered_from_compacted_context,"The original postcard screenshot and its visible metadata are preserved. This session did contain postcard-by-postcard discussion, but the full prior assistant research text for this item was not available in the compacted conversation context used during export. No replacement web research was invented or silently substituted.",,,Recover/merge the original per-postcard research from the source-session transcript if available.,,False,False,,,
61,postcard,鬼子母神堂,2026-08-14,"Minato, Nishiazabu 3-Chōme",,screenshots/061_2026-08-14_鬼子母神堂.png,Screenshot 2026-08-16 at 16.55.47.png,bb226df24c255dff4785faaa13ccdd0741202e4049d22e7feee47d1ad3ea6781,,,,not_recovered,prior_research_not_recovered_from_compacted_context,"The original postcard screenshot and its visible metadata are preserved. This session did contain postcard-by-postcard discussion, but the full prior assistant research text for this item was not available in the compacted conversation context used during export. No replacement web research was invented or silently substituted.",,,Recover/merge the original per-postcard research from the source-session transcript if available.,,False,False,,Map-plus-card view; distinct full screenshot.,
62,postcard,35B10000型石渣車,,"Guangchun Village, Chaozhou Township",Zana,screenshots/062_unknown-date_35B10000型石渣車.png,Screenshot 2026-08-16 at 16.55.40.png,046dae764bd4fe10e3a4c7a770c03726ddb0cae627870f8db4df6b6a79521b27,,,,not_recovered,prior_research_not_recovered_from_compacted_context,"The original postcard screenshot and its visible metadata are preserved. This session did contain postcard-by-postcard discussion, but the full prior assistant research text for this item was not available in the compacted conversation context used during export. No replacement web research was invented or silently substituted.",,,Recover/merge the original per-postcard research from the source-session transcript if available.,,False,False,,,
63,postcard,從農業社會到工業社會／顏水龍,2026-07-25,"Jiantan, Zhongshan District",,screenshots/063_2026-07-25_從農業社會到工業社會／顏水龍.png,Screenshot 2026-08-16 at 16.55.33.png,6a2ee2ac1ebf205cfbe13226adb3a6c15eb414c36f0b05b211921a8117405c32,,,,not_recovered,prior_research_not_recovered_from_compacted_context,"The original postcard screenshot and its visible metadata are preserved. This session did contain postcard-by-postcard discussion, but the full prior assistant research text for this item was not available in the compacted conversation context used during export. No replacement web research was invented or silently substituted.",,,Recover/merge the original per-postcard research from the source-session transcript if available.,,False,False,,,
64,postcard,인공폭포,,Seoul,,screenshots/064_unknown-date_인공폭포.png,Screenshot 2026-08-16 at 16.55.23.png,b72e5dd68b3e1d65ee18008bff71efac60f7d085250f62fe54a7c07693f25d7a,,,,not_recovered,prior_research_not_recovered_from_compacted_context,"The original postcard screenshot and its visible metadata are preserved. This session did contain postcard-by-postcard discussion, but the full prior assistant research text for this item was not available in the compacted conversation context used during export. No replacement web research was invented or silently substituted.",,,Recover/merge the original per-postcard research from the source-session transcript if available.,,False,False,,,
65,postcard,蜆仔港公園涼亭,,"Jianmin, Beitou District",Subway北投店老闆,screenshots/065_unknown-date_蜆仔港公園涼亭.png,Screenshot 2026-08-16 at 16.55.14.png,a9b3fed90df22a93fbc9defe14ecc42e1a6ed36fcb4e68b7fe6d791564629d88,,,,not_recovered,prior_research_not_recovered_from_compacted_context,"The original postcard screenshot and its visible metadata are preserved. This session did contain postcard-by-postcard discussion, but the full prior assistant research text for this item was not available in the compacted conversation context used during export. No replacement web research was invented or silently substituted.",,,Recover/merge the original per-postcard research from the source-session transcript if available.,,False,False,,,
66,postcard,NeiHu B and Q,,"Huyuan, Neihu District",V,screenshots/066_unknown-date_NeiHu-B-and-Q.png,Screenshot 2026-08-16 at 16.55.05.png,d64f35d7de6a2f7a6726492cf41ca290d3428b159f30836d16a9598ad6ca8ba8,,,,not_recovered,prior_research_not_recovered_from_compacted_context,"The original postcard screenshot and its visible metadata are preserved. This session did contain postcard-by-postcard discussion, but the full prior assistant research text for this item was not available in the compacted conversation context used during export. No replacement web research was invented or silently substituted.",,,Recover/merge the original per-postcard research from the source-session transcript if available.,,False,False,,,
67,postcard,St.PAX CAFE,2026-08-15,"Setagaya, Sangenjaya 1-Chōme",,screenshots/067_2026-08-15_St.PAX-CAFE.png,Screenshot 2026-08-16 at 16.54.56.png,e45c9170352b51e165cf9bbe8554ee6377a2480021afa8c079aa966df2a569b4,,,,not_recovered,prior_research_not_recovered_from_compacted_context,"The original postcard screenshot and its visible metadata are preserved. This session did contain postcard-by-postcard discussion, but the full prior assistant research text for this item was not available in the compacted conversation context used during export. No replacement web research was invented or silently substituted.",,,Recover/merge the original per-postcard research from the source-session transcript if available.,,False,False,,,
68,postcard,Skulstad Grusbane,2026-08-09,"Arna, Trengereid",Lynn,screenshots/068_2026-08-09_Skulstad-Grusbane.png,Screenshot 2026-08-16 at 16.54.17.png,28c201db01efb27f0c7b04f28f3166ceeed257d548cd70e5b782dcee7155aa53,57 | 68,,,not_recovered,prior_research_not_recovered_from_compacted_context,"The original postcard screenshot and its visible metadata are preserved. This session did contain postcard-by-postcard discussion, but the full prior assistant research text for this item was not available in the compacted conversation context used during export. No replacement web research was invented or silently substituted.",,,Recover/merge the original per-postcard research from the source-session transcript if available.,,False,False,user turn 44 | user turn 45 repeated byte-identical screenshot,,Byte-identical repeat upload of earlier Skulstad Grusbane screenshot.
69,postcard,巨嬰,2026-08-14,"Changan, Beitou District",,screenshots/069_2026-08-14_巨嬰.png,bd87a6d2-4764-419c-ac11-fc06f4cb692f.png,e99555ef89782ccb5633503f8fa8e9a10392fb3a4bedcaaa0d68db6e33614f88,,,,not_recovered,prior_research_not_recovered_from_compacted_context,"The original postcard screenshot and its visible metadata are preserved. This session did contain postcard-by-postcard discussion, but the full prior assistant research text for this item was not available in the compacted conversation context used during export. No replacement web research was invented or silently substituted.",,,Recover/merge the original per-postcard research from the source-session transcript if available.,,False,False,,,
70,postcard,藤城清治美術館,2026-08-14,"Nasu, Yumoto",,screenshots/070_2026-08-14_藤城清治美術館.png,9da65a98-d0de-46aa-9c8d-4058bb0e0289.png,121fa173f82c85b78bda98f1f511c78c7d6a77a0adc5966397547173ab023f40,,,,not_recovered,prior_research_not_recovered_from_compacted_context,"The original postcard screenshot and its visible metadata are preserved. This session did contain postcard-by-postcard discussion, but the full prior assistant research text for this item was not available in the compacted conversation context used during export. No replacement web research was invented or silently substituted.",,,Recover/merge the original per-postcard research from the source-session transcript if available.,,False,False,,,
71,postcard,石板藝術圍牆,2026-08-07,"Huasheng, Daan District",魚酥,screenshots/071_2026-08-07_石板藝術圍牆.png,c8df5def-cfdd-4e6e-9f35-d13d60eee0e6.png,ace65f277f67210e8fe29887449c981b842da9ded100a6e4019112b55ecfca05,,,,not_recovered,prior_research_not_recovered_from_compacted_context,"The original postcard screenshot and its visible metadata are preserved. This session did contain postcard-by-postcard discussion, but the full prior assistant research text for this item was not available in the compacted conversation context used during export. No replacement web research was invented or silently substituted.",,,Recover/merge the original per-postcard research from the source-session transcript if available.,,False,False,,,
72,postcard,中國刺繡,2026-06-26,"Guolian Village, Hualien City",🍎Ching🍎,screenshots/072_2026-06-26_中國刺繡.png,a234ec6b-1a00-4d15-9aab-c76f96e7a51b.png,9cfd2b1bf44e400f0f8f4b578bff41b2e1c6131fa63eb783e787050d15c1bea5,,,,not_recovered,prior_research_not_recovered_from_compacted_context,"The original postcard screenshot and its visible metadata are preserved. This session did contain postcard-by-postcard discussion, but the full prior assistant research text for this item was not available in the compacted conversation context used during export. No replacement web research was invented or silently substituted.",,,Recover/merge the original per-postcard research from the source-session transcript if available.,,False,False,,,
73,postcard,農會亭,2026-07-17,"Zhuangjing Village, Banqiao District",JessieJc,screenshots/073_2026-07-17_農會亭.png,cb353caa-0f74-47bb-b373-949a0c2d7d62.png,78fd6f20e53d4c4b38402691cf7e7e5d158dca850b4210253af97b30c4688e36,,,,not_recovered,prior_research_not_recovered_from_compacted_context,"The original postcard screenshot and its visible metadata are preserved. This session did contain postcard-by-postcard discussion, but the full prior assistant research text for this item was not available in the compacted conversation context used during export. No replacement web research was invented or silently substituted.",,,Recover/merge the original per-postcard research from the source-session transcript if available.,,False,False,,,
74,postcard,Informationsskylt Ullevi,2026-08-11,"Ullevi, Färjestaden",Yumi,screenshots/074_2026-08-11_Informationsskylt-Ullevi.png,b966868c-da65-4e95-989d-01f81489733e.png,ae2992e2530bc323726cf9a595091dd05272464a5d6433aaed81f1820f57f0e0,,,,not_recovered,prior_research_not_recovered_from_compacted_context,"The original postcard screenshot and its visible metadata are preserved. This session did contain postcard-by-postcard discussion, but the full prior assistant research text for this item was not available in the compacted conversation context used during export. No replacement web research was invented or silently substituted.",,,Recover/merge the original per-postcard research from the source-session transcript if available.,,False,False,,,
75,postcard,行人天橋底下的壁畫 Mural under footbridge,2026-08-12,Causeway Bay,Sha,screenshots/075_2026-08-12_行人天橋底下的壁畫-Mural-under-footbridge.png,e366edd7-fa03-406a-9c30-e0a9b273a195.png,4be876c8955f89dcc32f375d345b56802f70aabf3c26653d1073b8260f09e5f2,,,,not_recovered,prior_research_not_recovered_from_compacted_context,"The original postcard screenshot and its visible metadata are preserved. This session did contain postcard-by-postcard discussion, but the full prior assistant research text for this item was not available in the compacted conversation context used during export. No replacement web research was invented or silently substituted.",,,Recover/merge the original per-postcard research from the source-session transcript if available.,,False,False,,,
76,postcard,M4843戰車展示,2026-08-12,"Baobu, Neihu District",V,screenshots/076_2026-08-12_M4843戰車展示.png,29e77928-9243-4758-bcb0-2c273512bca8.png,d92914b0b8c757746c9dbc1bf773a94cc91b5e891dc209435f2bd6f7f78cb454,,,,not_recovered,prior_research_not_recovered_from_compacted_context,"The original postcard screenshot and its visible metadata are preserved. This session did contain postcard-by-postcard discussion, but the full prior assistant research text for this item was not available in the compacted conversation context used during export. No replacement web research was invented or silently substituted.",,,Recover/merge the original per-postcard research from the source-session transcript if available.,,False,False,,,
77,postcard,農會亭,2026-07-17,"Zhuangjing Village, Banqiao District",JessieJc,screenshots/077_2026-07-17_農會亭.png,8f0d154d-fa66-4684-9c3b-3209045f9b03.png,3427409e8faeb79b8b52cf0cab47182adf5e15e12f871415a56f2d276a5d2385,,,,not_recovered,prior_research_not_recovered_from_compacted_context,"The original postcard screenshot and its visible metadata are preserved. This session did contain postcard-by-postcard discussion, but the full prior assistant research text for this item was not available in the compacted conversation context used during export. No replacement web research was invented or silently substituted.",,,Recover/merge the original per-postcard research from the source-session transcript if available.,,False,False,,Second distinct screenshot of same POI.,
78,postcard,Informationsskylt Ullevi,2026-08-11,"Ullevi, Färjestaden",Yumi,screenshots/078_2026-08-11_Informationsskylt-Ullevi.png,fe54a270-36b0-4617-9126-8323eb9eac15.png,47251a077716d48d6ee3175692fe8f14b75b99be714d639a821a8bcb7cb9b74a,,,,not_recovered,prior_research_not_recovered_from_compacted_context,"The original postcard screenshot and its visible metadata are preserved. This session did contain postcard-by-postcard discussion, but the full prior assistant research text for this item was not available in the compacted conversation context used during export. No replacement web research was invented or silently substituted.",,,Recover/merge the original per-postcard research from the source-session transcript if available.,,False,False,,Second distinct screenshot of same POI.,
79,postcard,楊屋道郵政局,2026-05-29,Tsuen Wan,花花,screenshots/079_2026-05-29_楊屋道郵政局.png,e1374896-ae09-402b-84f4-3013ff1b1cf4.png,16cdf6f6d2f84fc6cb88b287ecb9b952af77b20f8a0bad451a055366ac2248ea,,,,not_recovered,prior_research_not_recovered_from_compacted_context,"The original postcard screenshot and its visible metadata are preserved. This session did contain postcard-by-postcard discussion, but the full prior assistant research text for this item was not available in the compacted conversation context used during export. No replacement web research was invented or silently substituted.",,,Recover/merge the original per-postcard research from the source-session transcript if available.,,False,False,,,
80,postcard,光明橋,2026-08-13,"Changan, Beitou District",,screenshots/080_2026-08-13_光明橋.png,b7f7d411-ee20-4b5d-aef2-4e6ab12ff92b.png,31130136ee2e93b9e1e2fabcedac5be7a6e1aa805d22cc70287da14905d77226,,,,not_recovered,prior_research_not_recovered_from_compacted_context,"The original postcard screenshot and its visible metadata are preserved. This session did contain postcard-by-postcard discussion, but the full prior assistant research text for this item was not available in the compacted conversation context used during export. No replacement web research was invented or silently substituted.",,,Recover/merge the original per-postcard research from the source-session transcript if available.,,False,False,,,
81,context,Postcard collection grid (633/650),,,,screenshots/081_unknown-date_Postcard-collection-grid-(633／650).jpeg,0269F3CF-7E0A-49D7-B7BB-4B98B74C347C.jpeg,cfe687cf2372540813e0362bc3c6a9decf1cff5cbe3480cdf9683397d9132107,,,,n/a,context_only,Collection overview screenshot preserved as context; it is not a single postcard.,,,,,False,False,,"Postcard-list overview; retained as session context, not a single postcard.",
82,postcard,木製品之精彩演譯,2026-04-22,"Puxin Village, Dayuan District",,screenshots/082_2026-04-22_木製品之精彩演譯.jpeg,02E8436E-CF2D-4F3C-BE69-E077A538DB89.jpeg,b115074646105f4a4d0af014240db0b918ca3edbc9950e27db79205b29fde887,,,,not_recovered,prior_research_not_recovered_from_compacted_context,"The original postcard screenshot and its visible metadata are preserved. This session did contain postcard-by-postcard discussion, but the full prior assistant research text for this item was not available in the compacted conversation context used during export. No replacement web research was invented or silently substituted.",,,Recover/merge the original per-postcard research from the source-session transcript if available.,,False,False,,,
83,postcard,山水電箱,2026-04-22,"Zhongyang, Beitou District",,screenshots/083_2026-04-22_山水電箱.png,BC082627-C3A3-4D19-A50A-5978E5AC052F.png,f857d710efac19441d6f80a62f81b8e2a6f9dacbf4bac83c88f2cd58f673df53,,,,not_recovered,prior_research_not_recovered_from_compacted_context,"The original postcard screenshot and its visible metadata are preserved. This session did contain postcard-by-postcard discussion, but the full prior assistant research text for this item was not available in the compacted conversation context used during export. No replacement web research was invented or silently substituted.",,,Recover/merge the original per-postcard research from the source-session transcript if available.,,False,False,,,
84,postcard,沓見（下風呂山）公園,2026-04-18,"Tsuruga, Kutsumi",Ushas,screenshots/084_2026-04-18_沓見（下風呂山）公園.jpeg,580613A7-6850-43D0-A739-842136E706E2.jpeg,c0ec93114b059913b44d7e81ea03d3bba1dc263de7bb833d587d9f0db7cb4978,,,,not_recovered,prior_research_not_recovered_from_compacted_context,"The original postcard screenshot and its visible metadata are preserved. This session did contain postcard-by-postcard discussion, but the full prior assistant research text for this item was not available in the compacted conversation context used during export. No replacement web research was invented or silently substituted.",,,Recover/merge the original per-postcard research from the source-session transcript if available.,,False,False,,,
85,postcard,全国小売酒販会館案内図,2026-04-20,"Meguro, Ebisu Minami 3-Chōme",,screenshots/085_2026-04-20_全国小売酒販会館案内図.jpeg,60DDE041-E637-46EC-9BEA-3E7BE73E8395.jpeg,330c3306d0c53d7a677da89d2006ec71cc1f5b666e42b4ca2f6c7e6d39b8b5fb,,★★★½～★★★★☆,偏留／可犧牲；若有同地點更具代表性的建物或銘板照可替代,high,preserved_detail_from_visible_session_context,照片中的 POI 是東京中目黑一帶全国小売酒販会館基地的平面導覽圖；Wayspot 名稱字面正確，但照片主體只是案內圖。會館是全国小売酒販組合中央会等酒販相關組織長期使用的全國性據點，中央會依酒類業組合法設立，負責酒販業政策、法規、研修等。相關組織亦在同址經營組合員福利住宿設施。2012 年中央會曾進入民事再生程序並處理會館權益；之後仍持續在此運作。收藏價值主要來自日本酒販業的制度與產業史，而非案內圖本身。,現址與全国小売酒販組合中央会官方地址相符 | 中央會為酒類零售業的全國性法定業界組織 | 同址有酒販相關福利與組織設施 | 2012年中央會曾有民事再生與會館資產處理紀錄,若未來收到同地點的建築本體或歷史銘板，可更好承載同一故事,照片中的這塊案內圖本身設置年份與設計背景未查得,https://ajlma.or.jp/outline/access?utm_source=chatgpt.com | https://ajlma.or.jp/outline/greeting?utm_source=chatgpt.com | https://ajlma.or.jp/outline?utm_source=chatgpt.com | https://ajlma.or.jp/training-e?utm_source=chatgpt.com | https://www.nrib.go.jp/gui/pdf/H15komoku.pdf?utm_source=chatgpt.com | https://www.zensyukyo.or.jp/ebisuryo/?utm_source=chatgpt.com | https://www.zensyukyo.or.jp/?utm_source=chatgpt.com | https://www.jsnews.co.jp/shuhan/backno/2012.html?utm_source=chatgpt.com | https://osaka-shuhan.jimdofree.com/app/download/12307215091/2026%E5%B9%B47%E6%9C%88%E5%8F%B7.pdf?t=1784260859&utm_source=chatgpt.com,False,False,,,
86,postcard,田舎館村埋蔵文化財センター,2026-03-25,"Inakadate, Takahi Omagari",柳柳,screenshots/086_2026-03-25_田舎館村埋蔵文化財センター.png,F5914390-6389-4049-9648-AFDF696A2705.png,d76b07c24229a3a79005d55dd2cbde726c2d90c4dee30be8b68e7b8f2aea6376,,,,not_recovered,prior_research_not_recovered_from_compacted_context,"The original postcard screenshot and its visible metadata are preserved. This session did contain postcard-by-postcard discussion, but the full prior assistant research text for this item was not available in the compacted conversation context used during export. No replacement web research was invented or silently substituted.",,,Recover/merge the original per-postcard research from the source-session transcript if available.,,False,False,,,
87,postcard,羊マット,2026-04-19,"Shibuya, Ebisu Nishi 1-Chōme",,screenshots/087_2026-04-19_羊マット.jpeg,B3E86E12-20F6-4151-BAB1-BD2C56C90CDE.jpeg,919cb374da8fdc7d0b9df4f233129cc5799ae2e809c9807169ed8ba8bc00d0f1,,,,not_recovered,prior_research_not_recovered_from_compacted_context,"The original postcard screenshot and its visible metadata are preserved. This session did contain postcard-by-postcard discussion, but the full prior assistant research text for this item was not available in the compacted conversation context used during export. No replacement web research was invented or silently substituted.",,,Recover/merge the original per-postcard research from the source-session transcript if available.,,False,False,,,
88,postcard,シーサー@上馬3,2026-04-19,"Setagaya, Kamiuma 3-Chōme",,screenshots/088_2026-04-19_シーサー@上馬3.jpeg,8E94C69D-5CE6-4988-962A-925C66545044.jpeg,5235f854542e99c7c11ea23db231aabf9798d195f8f0e5b465ac649f6d4c643e,,,,not_recovered,prior_research_not_recovered_from_compacted_context,"The original postcard screenshot and its visible metadata are preserved. This session did contain postcard-by-postcard discussion, but the full prior assistant research text for this item was not available in the compacted conversation context used during export. No replacement web research was invented or silently substituted.",,,Recover/merge the original per-postcard research from the source-session transcript if available.,,False,False,,,
89,postcard,拖鞋咖啡,2026-04-18,"Datong, Beitou District",,screenshots/089_2026-04-18_拖鞋咖啡.jpeg,791680FB-7A61-4365-9723-FD94142365B2.jpeg,802e83bb79412680cb1f7f9abb30ffe134c0dc61ddd72deba2747b01f10d26f5,,,,not_recovered,prior_research_not_recovered_from_compacted_context,"The original postcard screenshot and its visible metadata are preserved. This session did contain postcard-by-postcard discussion, but the full prior assistant research text for this item was not available in the compacted conversation context used during export. No replacement web research was invented or silently substituted.",,,Recover/merge the original per-postcard research from the source-session transcript if available.,,False,False,,,
90,postcard,Keelung River Bikeway Map,2026-04-18,"Baxian, Beitou District",,screenshots/090_2026-04-18_Keelung-River-Bikeway-Map.jpeg,1C18C8B8-7EC4-4D3D-AB89-E2210ACF4AC2.jpeg,ad9774a98c636c3f9240be4f15c6a25a584aec06ed5b1d42e4b6a00e9c1e9298,,,,not_recovered,prior_research_not_recovered_from_compacted_context,"The original postcard screenshot and its visible metadata are preserved. This session did contain postcard-by-postcard discussion, but the full prior assistant research text for this item was not available in the compacted conversation context used during export. No replacement web research was invented or silently substituted.",,,Recover/merge the original per-postcard research from the source-session transcript if available.,,False,False,,,
91,postcard,駒沢ガーデンハウス,2026-04-18,"Setagaya, Komazawa 1-Chōme",,screenshots/091_2026-04-18_駒沢ガーデンハウス.jpeg,C2C717B0-C15A-4277-A233-7D7721A6162C.jpeg,e2c390dd8a4865e11c04caa36459e437614c06ca6dd9416e376e053773be6869,,,,not_recovered,prior_research_not_recovered_from_compacted_context,"The original postcard screenshot and its visible metadata are preserved. This session did contain postcard-by-postcard discussion, but the full prior assistant research text for this item was not available in the compacted conversation context used during export. No replacement web research was invented or silently substituted.",,,Recover/merge the original per-postcard research from the source-session transcript if available.,,False,False,,,
92,postcard,沓見（下風呂山）公園,2026-04-18,"Tsuruga, Kutsumi",Ushas,screenshots/092_2026-04-18_沓見（下風呂山）公園.png,a40baff2-c84e-4503-9a41-8c31cdd32769.png,a6362f29f107253038608af5245f7081b4d7607c117ea0661a564edb6098ddae,,,,not_recovered,prior_research_not_recovered_from_compacted_context,"The original postcard screenshot and its visible metadata are preserved. This session did contain postcard-by-postcard discussion, but the full prior assistant research text for this item was not available in the compacted conversation context used during export. No replacement web research was invented or silently substituted.",,,Recover/merge the original per-postcard research from the source-session transcript if available.,,False,False,,Second distinct screenshot of same POI.,
93,postcard,鉄のドンキホーテ,2026-03-22,"Setagaya, Sangenjaya 1-Chōme",,screenshots/093_2026-03-22_鉄のドンキホーテ.png,62805cc8-7fe6-4980-9db1-458796bfd4ac.png,8e9bb0abd7b66406a8a039dd26a703a3f4a57033efb82b77476a731ea6488772,,,,not_recovered,prior_research_not_recovered_from_compacted_context,"The original postcard screenshot and its visible metadata are preserved. This session did contain postcard-by-postcard discussion, but the full prior assistant research text for this item was not available in the compacted conversation context used during export. No replacement web research was invented or silently substituted.",,,Recover/merge the original per-postcard research from the source-session transcript if available.,,False,False,,Map-plus-card view.,
94,postcard,鉄のドンキホーテ,2026-03-22,"Setagaya, Sangenjaya 1-Chōme",,screenshots/094_2026-03-22_鉄のドンキホーテ.png,9ef4a804-baf7-47c7-9cd5-ed731334b16f.png,853bad83a592b920be3ade8ee6d23ebe7d13b4c68bf63c55500968313536186f,,,,not_recovered,prior_research_not_recovered_from_compacted_context,"The original postcard screenshot and its visible metadata are preserved. This session did contain postcard-by-postcard discussion, but the full prior assistant research text for this item was not available in the compacted conversation context used during export. No replacement web research was invented or silently substituted.",,,Recover/merge the original per-postcard research from the source-session transcript if available.,,False,False,,Full detail view.,
95,postcard,龍雲寺 墓地,2026-03-28,"Setagaya, Nozawa 1-Chōme",,screenshots/095_2026-03-28_龍雲寺-墓地.jpeg,B9C9ACBF-7BF9-4600-A0B6-D5A85B744691.jpeg,cb022b0419b05ac5b2abab53e478931eae9400a4d8a519d694c1dff07ce63712,,,,not_recovered,prior_research_not_recovered_from_compacted_context,"The original postcard screenshot and its visible metadata are preserved. This session did contain postcard-by-postcard discussion, but the full prior assistant research text for this item was not available in the compacted conversation context used during export. No replacement web research was invented or silently substituted.",,,Recover/merge the original per-postcard research from the source-session transcript if available.,,False,False,,,
96,postcard,おじいさんの後ろ姿,2026-03-28,"Setagaya, Nozawa 4-Chōme",,screenshots/096_2026-03-28_おじいさんの後ろ姿.jpeg,2E8E3121-6709-414F-91F3-80D991CAE9DF.jpeg,28b23f29e098ba790a73fe447800998d178eee4b86e8892cae930f1d06badae6,,,,not_recovered,prior_research_not_recovered_from_compacted_context,"The original postcard screenshot and its visible metadata are preserved. This session did contain postcard-by-postcard discussion, but the full prior assistant research text for this item was not available in the compacted conversation context used during export. No replacement web research was invented or silently substituted.",,,Recover/merge the original per-postcard research from the source-session transcript if available.,,False,False,,,
97,postcard,水牆,2026-04-04,"Tianfu, Shilin District",,screenshots/097_2026-04-04_水牆.png,6442A3BB-7564-44D2-8ECF-40F568CB7730.png,f5f0d2ef93c86b69fcb6d53fd6afd6f48bb68831ad31f0e120da8d6f58887321,,,,not_recovered,prior_research_not_recovered_from_compacted_context,"The original postcard screenshot and its visible metadata are preserved. This session did contain postcard-by-postcard discussion, but the full prior assistant research text for this item was not available in the compacted conversation context used during export. No replacement web research was invented or silently substituted.",,,Recover/merge the original per-postcard research from the source-session transcript if available.,,False,False,,,
98,postcard,旧岩崎邸 小さな灯籠,2026-04-03,"Taito, Ikenohata 1-Chōme",のすけ,screenshots/098_2026-04-03_旧岩崎邸-小さな灯籠.jpeg,A580AAA1-B66F-4F29-91C6-B369409E3EB2.jpeg,ce5c63004e3903ac77afcdbe7a6d2188abbec50f67f543ab764ea6d5835e83e3,,,,not_recovered,prior_research_not_recovered_from_compacted_context,"The original postcard screenshot and its visible metadata are preserved. This session did contain postcard-by-postcard discussion, but the full prior assistant research text for this item was not available in the compacted conversation context used during export. No replacement web research was invented or silently substituted.",,,Recover/merge the original per-postcard research from the source-session transcript if available.,,False,False,,,
99,postcard,カラフルなインフォメーション,2026-04-06,"Kawasaki, Hisamoto 3-Chōme",りゅう,screenshots/099_2026-04-06_カラフルなインフォメーション.jpeg,727EB14E-9DCF-41FF-BBB1-4EA6AC306573.jpeg,97a7e76b415aa4694bcd9932720c97f1b80bd7aa1a4d2eda40dd331084ac72da,,,,not_recovered,prior_research_not_recovered_from_compacted_context,"The original postcard screenshot and its visible metadata are preserved. This session did contain postcard-by-postcard discussion, but the full prior assistant research text for this item was not available in the compacted conversation context used during export. No replacement web research was invented or silently substituted.",,,Recover/merge the original per-postcard research from the source-session transcript if available.,,False,False,,,
100,postcard,マスオさんのポール,2026-04-08,"Setagaya, Sakurashimmachi 1-Chōme",のすけ,screenshots/100_2026-04-08_マスオさんのポール.jpeg,9663E73F-5FA6-493D-9E8C-82B03EADA873.jpeg,17ecbd7ea6bc3187c27f4c50537435ef50b0ef7d9930db321f75a9cb4ce3070f,,,,not_recovered,prior_research_not_recovered_from_compacted_context,"The original postcard screenshot and its visible metadata are preserved. This session did contain postcard-by-postcard discussion, but the full prior assistant research text for this item was not available in the compacted conversation context used during export. No replacement web research was invented or silently substituted.",,,Recover/merge the original per-postcard research from the source-session transcript if available.,,False,False,,,
101,postcard,Doggy,2026-04-10,"Zhongyang, Beitou District",,screenshots/101_2026-04-10_Doggy.jpeg,9F3C6070-5F3B-486D-AA17-1C52DD827A6F.jpeg,48c07c7afb81f72401538a3f8bc9c10f30c8aa428a602e1314d5fa2681058ef5,,,,not_recovered,prior_research_not_recovered_from_compacted_context,"The original postcard screenshot and its visible metadata are preserved. This session did contain postcard-by-postcard discussion, but the full prior assistant research text for this item was not available in the compacted conversation context used during export. No replacement web research was invented or silently substituted.",,,Recover/merge the original per-postcard research from the source-session transcript if available.,,False,False,,,
102,postcard,日吉神社（敦賀市市橋）,2026-04-11,"Tsuruga, Ichihashi",,screenshots/102_2026-04-11_日吉神社（敦賀市市橋）.jpeg,1BBE6B27-B8E3-4739-A1AC-2AA4EB415CF2.jpeg,e842995908cd67afefb7a8c9834f7fc663371436abc58f827e170734f42b90e7,,,,not_recovered,prior_research_not_recovered_from_compacted_context,"The original postcard screenshot and its visible metadata are preserved. This session did contain postcard-by-postcard discussion, but the full prior assistant research text for this item was not available in the compacted conversation context used during export. No replacement web research was invented or silently substituted.",,,Recover/merge the original per-postcard research from the source-session transcript if available.,,False,False,,,
103,postcard,駒沢ガーデンハウス,2026-04-18,"Setagaya, Komazawa 1-Chōme",,screenshots/103_2026-04-18_駒沢ガーデンハウス.png,95894fc9-85b8-414c-80ee-8b701b660bd1.png,e1fe04d9d58827f128cfa9ea39049dd68aae44e23b66b2c7cb0bca4ab02ddff7,,,,not_recovered,prior_research_not_recovered_from_compacted_context,"The original postcard screenshot and its visible metadata are preserved. This session did contain postcard-by-postcard discussion, but the full prior assistant research text for this item was not available in the compacted conversation context used during export. No replacement web research was invented or silently substituted.",,,Recover/merge the original per-postcard research from the source-session transcript if available.,,False,False,,Later distinct screenshot of same POI.,
104,postcard,Keelung River Bikeway Map,2026-04-18,"Baxian, Beitou District",,screenshots/104_2026-04-18_Keelung-River-Bikeway-Map.png,c70a3c4b-8bb9-4e46-82ae-b229a9d63181.png,2130c74a24ea8315114769839c1b0e5e2ccdf97501f9364f3e9b58f2a6dc7d63,,,,not_recovered,prior_research_not_recovered_from_compacted_context,"The original postcard screenshot and its visible metadata are preserved. This session did contain postcard-by-postcard discussion, but the full prior assistant research text for this item was not available in the compacted conversation context used during export. No replacement web research was invented or silently substituted.",,,Recover/merge the original per-postcard research from the source-session transcript if available.,,False,False,,Later distinct screenshot of same POI.,
105,postcard,拖鞋咖啡,2026-04-18,"Datong, Beitou District",,screenshots/105_2026-04-18_拖鞋咖啡.png,8cfd19f9-71dc-4fbe-9baa-31b53ea756ef.png,9bcd69568b2a6e5ddc066ff0b14696b45e2b61821bb6bd3df437bd0c4cc27941,,,,not_recovered,prior_research_not_recovered_from_compacted_context,"The original postcard screenshot and its visible metadata are preserved. This session did contain postcard-by-postcard discussion, but the full prior assistant research text for this item was not available in the compacted conversation context used during export. No replacement web research was invented or silently substituted.",,,Recover/merge the original per-postcard research from the source-session transcript if available.,,False,False,,Later distinct screenshot of same POI.,
106,postcard,シーサー@上馬3,2026-04-19,"Setagaya, Kamiuma 3-Chōme",,screenshots/106_2026-04-19_シーサー@上馬3.png,fe27e8d2-e9f8-43f6-8557-76354319dea4.png,256c1883e179b26f762489cc68cbc22623e89964b26e1298a78fcfdf98ac7998,,,,not_recovered,prior_research_not_recovered_from_compacted_context,"The original postcard screenshot and its visible metadata are preserved. This session did contain postcard-by-postcard discussion, but the full prior assistant research text for this item was not available in the compacted conversation context used during export. No replacement web research was invented or silently substituted.",,,Recover/merge the original per-postcard research from the source-session transcript if available.,,False,False,,Later distinct screenshot of same POI.,
107,postcard,羊マット,2026-04-19,"Shibuya, Ebisu Nishi 1-Chōme",,screenshots/107_2026-04-19_羊マット.png,3ab1f04a-62df-4313-bfe1-82bb5038a76a.png,42df73a03377bb9add800f4c39469c7e861a7e2639a55e5773c2260a15ca4def,,,,not_recovered,prior_research_not_recovered_from_compacted_context,"The original postcard screenshot and its visible metadata are preserved. This session did contain postcard-by-postcard discussion, but the full prior assistant research text for this item was not available in the compacted conversation context used during export. No replacement web research was invented or silently substituted.",,,Recover/merge the original per-postcard research from the source-session transcript if available.,,False,False,,Later distinct screenshot of same POI.,
108,postcard,田舎館村埋蔵文化財センター,2026-03-25,"Inakadate, Takahi Omagari",,screenshots/108_2026-03-25_田舎館村埋蔵文化財センター.png,543df2d7-47a4-41a0-86c5-a9e01921bcde.png,2617e3e0a5063237968f2feb966ec74efc9ebdb4686256bb5bec5b54d4f6fca0,,,,not_recovered,prior_research_not_recovered_from_compacted_context,"The original postcard screenshot and its visible metadata are preserved. This session did contain postcard-by-postcard discussion, but the full prior assistant research text for this item was not available in the compacted conversation context used during export. No replacement web research was invented or silently substituted.",,,Recover/merge the original per-postcard research from the source-session transcript if available.,,False,False,,Later distinct screenshot of same POI.,
109,postcard,全国小売酒販会館案内図,2026-04-20,"(35.6443480, 139.7052670)",,screenshots/109_2026-04-20_全国小売酒販会館案内図.png,33460661-16dc-4283-b413-8131ca1f94b5.png,0558391542ef2ac46f7875e71d7ce43f7bbad15bce86bd8cbc202ad05fa87407,,★★★½～★★★★☆,偏留／可犧牲；若有同地點更具代表性的建物或銘板照可替代,high,preserved_detail_from_visible_session_context,照片中的 POI 是東京中目黑一帶全国小売酒販会館基地的平面導覽圖；Wayspot 名稱字面正確，但照片主體只是案內圖。會館是全国小売酒販組合中央会等酒販相關組織長期使用的全國性據點，中央會依酒類業組合法設立，負責酒販業政策、法規、研修等。相關組織亦在同址經營組合員福利住宿設施。2012 年中央會曾進入民事再生程序並處理會館權益；之後仍持續在此運作。收藏價值主要來自日本酒販業的制度與產業史，而非案內圖本身。,現址與全国小売酒販組合中央会官方地址相符 | 中央會為酒類零售業的全國性法定業界組織 | 同址有酒販相關福利與組織設施 | 2012年中央會曾有民事再生與會館資產處理紀錄,若未來收到同地點的建築本體或歷史銘板，可更好承載同一故事,照片中的這塊案內圖本身設置年份與設計背景未查得,https://ajlma.or.jp/outline/access?utm_source=chatgpt.com | https://ajlma.or.jp/outline/greeting?utm_source=chatgpt.com | https://ajlma.or.jp/outline?utm_source=chatgpt.com | https://ajlma.or.jp/training-e?utm_source=chatgpt.com | https://www.nrib.go.jp/gui/pdf/H15komoku.pdf?utm_source=chatgpt.com | https://www.zensyukyo.or.jp/ebisuryo/?utm_source=chatgpt.com | https://www.zensyukyo.or.jp/?utm_source=chatgpt.com | https://www.jsnews.co.jp/shuhan/backno/2012.html?utm_source=chatgpt.com | https://osaka-shuhan.jimdofree.com/app/download/12307215091/2026%E5%B9%B47%E6%9C%88%E5%8F%B7.pdf?t=1784260859&utm_source=chatgpt.com,False,False,,Later distinct screenshot; location rendered as coordinates.,
110,postcard,野獸巨人,2026-04-22,"Puxin Village, Dayuan District",,screenshots/110_2026-04-22_野獸巨人.png,b01bf2c5-466e-4740-b0d5-10e697aa6039.png,267e54832882976bb092979633ee002fe5751c533d85d719e90d744ad4d46f21,,★★★☆☆,可留但偏刪；先不要急著刪亦可,medium,preserved_detail_from_visible_session_context,高度可能位於桃園機場內、接近第一航廈／原住民族工藝展示脈絡的室內動物剪影或展示造景。『野獸巨人』看起來是 Wayspot 提交者的趣味命名，並非查得到的正式作品名，也看不出與《進擊的巨人》獸之巨人有關。曾比對桃機的木育森林、編織之森、野獸國等現有設施，外觀並不吻合；因此可能是較早期或已改裝消失的機場造景。若能確認為舊版候機區設計，其舊景觀紀錄價值會上升。,地點標示為桃園大園區埔心里 | 桃園機場長期存在以台灣自然／原住民族與野生動物為題的候機與展示設計,這面牆可能屬於桃園機場較早期的自然／動物主題造景 | 『野獸巨人』可能是玩家自取名,確切航廈、登機門、作品名、設計者與設置年份未確認,https://www.wooderfulland.com/News/NewsDetail/252 | https://www.wooderfullife.com/Newsdetail/NewsDetail/252?utm_source=chatgpt.com | https://www.jeancard.com/UploadFiles/news/new_230727134216895.jpg | https://www.everrich-group.com/events/brands/34220?utm_source=chatgpt.com,False,False,,,
111,postcard,1-st Director UB Railway,2026-03-15,Ulaanbaatar,柳柳,screenshots/111_2026-03-15_1-st-Director-UB-Railway.png,1f27e758-9802-41f0-a0ab-e69078728dc7.png,8c965a529bf7656a5265d3f532911d398cc988c071c78a0eeb044f7ce308b50e,,★★★★★,一定留／核心收藏,high,preserved_detail_from_visible_session_context,Wayspot 英文名很可能誤導。以地點與 Ulaanbaatar Railway（УБТЗ）官方史料交叉比對，胸像指向蒙古鐵路重要人物 Navaanjambyn Tserennorov（Н. Цэрэнноров）。他不是 UBTZ 第一任總經理，而是蒙古最早一代本國鐵路工程人才之一，曾任烏蘭巴托機車段第一位蒙古籍主任，並長期擔任第一副總經理。『1-st Director』很可能把蒙古文第一副主任／第一副總經理簡化誤譯。UBTZ 在重大週年會向其紀念像獻花，因此它具有正式產業紀念地性質，能連結蒙古鐵路本土化與俄蒙中交通史。,胸像位於 UBTZ 管理局庭園脈絡 | Tserennorov 是蒙古早期本國鐵路工程領導者並長期任第一副總經理 | UBTZ 歷史紀念活動曾向其像獻花,Wayspot 名稱中的 1-st Director 可能來自對『第一副總經理』的簡化／誤譯,Wayspot 提交時的原始命名依據未取得,https://ganzam.mn/news/ug-n-xatuu-c-uilsiig-min-tegsildeg-actan-bailaa-ta?utm_source=chatgpt.com | https://ganzam.mn/news/martaz-boloxgui-odor?utm_source=chatgpt.com | https://www.ganzam.mn/news/ubtz-xnn-75-ziliin-oigooroo-xodolmoriin-baatar-col-xurtlee?utm_source=chatgpt.com | https://ganzam.mn/news/uner-n-xurtel-saixan-dursamz | https://ganzam.mn/news/ulaanbaatar-tomor-zamyn-tuux | https://ikon.mn/n/1ce8?utm_source=chatgpt.com,True,False,,,
112,postcard,中国同盟会発祥の地,2026-04-24,"Minato, Toranomon 2-Chōme",,screenshots/112_2026-04-24_中国同盟会発祥の地.png,ec207de6-a5e0-409a-a624-320bbc1955aa.png,a2429a4b8b4fa4f4f83266244c378d01132ac59dcd9e81541a55956e9b8e8c7f,112 | 113,★★★★★,核心收藏／一定留,high,preserved_detail_from_visible_session_context,紀念的是 1905 年 8 月 20 日中國同盟會在東京虎之門一帶成立的歷史現場。孫文、黃興等革命派整合興中會、華興會等力量，形成辛亥革命前最重要的革命組織之一；其組織史後來亦接到國民黨。現址在 The Okura Tokyo 附近，碑為近代新設紀念物，但地點與大倉喜八郎邸／坂本金弥邸相關的成立現場範圍相連。研究中也特別區分：同盟會是辛亥革命的重要組織母體，但武昌起義不是由孫文在同盟會中央直接下令發動。,1905-08-20 中國同盟會在東京成立 | 孫文被推為總理 | 同盟會是辛亥革命前重要革命組織並是後來國民黨組織史的重要源流 | 現地有發祥紀念碑,此碑非常適合作為東亞20世紀政治史的核心收藏,碑與當年建物精確平面位置的細部對應可再由歷史地籍深化,https://www.jacar.go.jp/exhibition/modernjapan/p06.html?utm_source=chatgpt.com | https://note.com/kuroda0805/n/nac34970c8dcd?utm_source=chatgpt.com | https://hotyuweb.blog.fc2.com/blog-entry-1611.html?utm_source=chatgpt.com | https://www.jstage.jst.go.jp/article/nujlp/302/0/302_302.1/_pdf/-char/en?utm_source=chatgpt.com | https://dl.ndl.go.jp/view/download/digidepo_3050793_po_geppo1105.pdf?contentNo=1&utm_source=chatgpt.com | https://www.jacar.go.jp/exhibition/universalsuffrage/chapter4/?utm_source=chatgpt.com,True,False,user turn 83 | user turn 84 repeated byte-identical screenshot,,
113,postcard,中国同盟会発祥の地,2026-04-24,"Minato, Toranomon 2-Chōme",,screenshots/113_2026-04-24_中国同盟会発祥の地.png,b8b8a761-eab7-41f9-8f45-af0173f33316.png,a2429a4b8b4fa4f4f83266244c378d01132ac59dcd9e81541a55956e9b8e8c7f,112 | 113,★★★★★,核心收藏／一定留,high,preserved_detail_from_visible_session_context,紀念的是 1905 年 8 月 20 日中國同盟會在東京虎之門一帶成立的歷史現場。孫文、黃興等革命派整合興中會、華興會等力量，形成辛亥革命前最重要的革命組織之一；其組織史後來亦接到國民黨。現址在 The Okura Tokyo 附近，碑為近代新設紀念物，但地點與大倉喜八郎邸／坂本金弥邸相關的成立現場範圍相連。研究中也特別區分：同盟會是辛亥革命的重要組織母體，但武昌起義不是由孫文在同盟會中央直接下令發動。,1905-08-20 中國同盟會在東京成立 | 孫文被推為總理 | 同盟會是辛亥革命前重要革命組織並是後來國民黨組織史的重要源流 | 現地有發祥紀念碑,此碑非常適合作為東亞20世紀政治史的核心收藏,碑與當年建物精確平面位置的細部對應可再由歷史地籍深化,https://www.jacar.go.jp/exhibition/modernjapan/p06.html?utm_source=chatgpt.com | https://note.com/kuroda0805/n/nac34970c8dcd?utm_source=chatgpt.com | https://hotyuweb.blog.fc2.com/blog-entry-1611.html?utm_source=chatgpt.com | https://www.jstage.jst.go.jp/article/nujlp/302/0/302_302.1/_pdf/-char/en?utm_source=chatgpt.com | https://dl.ndl.go.jp/view/download/digidepo_3050793_po_geppo1105.pdf?contentNo=1&utm_source=chatgpt.com | https://www.jacar.go.jp/exhibition/universalsuffrage/chapter4/?utm_source=chatgpt.com,True,False,user turn 83 | user turn 84 repeated byte-identical screenshot,,Byte-identical repeat upload of immediately preceding 中国同盟会発祥の地 screenshot.
114,postcard,割烹 貝作,2026-04-24,"Minato, Akasaka 2-Chōme",,screenshots/114_2026-04-24_割烹-貝作.png,e87c5029-3d57-43a3-b065-9374ebd48cba.png,966cf08535be841ce6fb03af5698f7f239c885e3e4b3d99e5c45cf0aefe86d04,,★★★★☆～★★★★½,留,high,preserved_detail_from_visible_session_context,赤坂的老牌高級貝料理割烹。店家 1975 年在赤坂開業，其淵源可追至 1931 年靜岡的貝類批發業；料理定位並非後來包裝，而是承接貝類流通背景。店面是一軒家、入口極低調，傳統接待動線與私人包廂文化本身就是赤坂料亭／接待型飲食文化的一部分。網路另有《島耕作》相關說法，但在對話中未找到講談社／作者一手資料，因此只保留為未證實傳聞。,1975 年赤坂開業 | 前身可追溯至 1931 年靜岡貝類批發業 | 以天然鮑與多種貝料理為主 | 店面與包廂動線刻意低調、重視隱私,照片中的低調木門反而很能代表店的接待文化,早期搬遷到現址的精確年月未確認 | 《島耕作》具體出現話數／官方確認未找到,https://tabelog.com/tokyo/A1308/A130801/13015201/ | https://megumi-k2.wixsite.com/mysite-2/post/%E8%B2%9D%E4%BD%9C-%E8%B5%A4%E5%9D%82?utm_source=chatgpt.com | https://tabelog.com/tokyo/A1308/A130801/13015201/dtlrvwlst/B111253682/?utm_source=chatgpt.com | https://tabelog.com/tokyo/A1308/A130801/13015201/dtlrvwlst/B500410084/?type=0&utm_source=chatgpt.com,False,False,,,
115,postcard,雪だるま,2026-04-23,"Meguro, Minami 3-Chōme",カニカニ,screenshots/115_2026-04-23_雪だるま.png,85faf9c5-ffe8-4926-9274-7654c55e6da9.png,479238fbc39f97bcc7ed4d4dba04864a6d54a6a7909f289447285d9b96e1f1bb,,★★☆☆☆～★★★☆☆,偏刪,medium,preserved_detail_from_visible_session_context,目黑區南三丁目一扇棕色鐵捲門上的簡單白色雪人。查不到正式作品名、作者、店家、公共藝術計畫或地方文化資產紀錄；『雪だるま』幾乎可視為玩家描述性命名。它的價值主要是容易消失的私人街景／城市微型紀錄，而非可考證的單件作品史。若日後能查到固定店家傳統或作者，才可能翻案。,照片主體是鐵捲門上的雪人圖樣 | 未找到能對應這件圖樣的正式公共藝術資料,可能是屋主、店家或私人裝飾 | Wayspot 名稱大概只是描述性命名,作者、年代、店家身分與命名由來未知,https://www.city.meguro.tokyo.jp/bunka/bunkasports/kouryu/hekiga2023.html?utm_source=chatgpt.com | https://hotpepper.jp/strJ000134436/?utm_source=chatgpt.com,False,False,,,
116,postcard,竹塹泗宇壇,,"Qianxi, East District",,screenshots/116_unknown-date_竹塹泗宇壇.png,dcfdd361-ee88-48a8-9796-d3924b51235d.png,a945b7f8656e431adf9ae2209a1ab5cddc4a5c14039d2221db982b7a759b7e9f,,★★★★☆～★★★★½,留,medium-high,preserved_detail_from_visible_session_context,新竹在地私人壇，對外多以『三澤會』名義交陪。2026 年正逢約十五週年，舉辦祈安巡城遶境；可見新豐、花蓮等分會／交陪網絡。信仰核心至少包括關聖帝君與李府千歲，且有徒步謁祖至雲林四湖參天宮、水林豐德宮的紀錄。這張的價值不在古老，而在記錄一個約 2011 年前後形成、仍在擴張中的 21 世紀台灣民間信仰網絡。,資料稱其為新竹在地私人壇 | 對外使用三澤會名義 | 2026年有十五週年大型活動 | 關聖帝君與李府千歲是重要神祇 | 存在跨縣市交陪與徒步謁祖紀錄,關帝與李府千歲香火祖脈高度可能分別連到四湖參天宮與水林豐德宮,正式沿革、確切創壇日與各神尊分靈文書未找到,https://hccg.culture.tw/home/zh-tw/CCHM_soc/150121?utm_source=chatgpt.com | https://www.facebook.com/100064089751398/posts/1471756148304030/?utm_source=chatgpt.com | https://www.facebook.com/100064089751398/posts/1471368595009452/?utm_source=chatgpt.com | https://www.facebook.com/hsmeihui/posts/1035508015735877/?utm_source=chatgpt.com | https://www.facebook.com/BlackPhotographyCollect/videos/1165171425612954/?utm_source=chatgpt.com | https://tcmb.culture.tw/zh-tw/detail?id=620158&indexCode=Culture_Place&utm_source=chatgpt.com | https://www.instagram.com/p/CyLAaetCI5B/?utm_source=chatgpt.com,False,False,,,
117,postcard,古町名標柱 元寺町,2026-03-28,"Hirosaki, Mototeramachi",柳柳,screenshots/117_2026-03-28_古町名標柱-元寺町.png,e39019e2-3247-43db-9a95-c255b285be66.png,ca389e0230727840aa6c17263f60628d02ccb939df4a8a5e2b83a493f1be8812,,★★★★☆,留,high,preserved_detail_from_visible_session_context,弘前市官方設置的『古町名標柱』之一，用來保存江戶城下町的歷史地名。元寺町原為寺町；1649 年火災後，寺院在翌年前後集中移往新寺町，舊寺町轉成商人街，名稱後來成為元寺町。弘前市共設多處古町名標柱，讓現代街道直接承載舊城下的職業與空間分區歷史。,弘前市官方設置古町名標柱 | 元寺町地名源於舊寺町 | 1649年火災與其後寺院遷往新寺町是地名轉變核心,適合作為弘前城下町系列收藏的一張,,https://www.city.hirosaki.aomori.jp/gaiyou/rekishi/koto.html | https://www.city.hirosaki.aomori.jp/gaiyou/rekishi/koto2.html,False,False,,,
118,postcard,幕末と明治の博物館創立50周年記念碑,2026-04-27,"Oarai, Isohamacho",,screenshots/118_2026-04-27_幕末と明治の博物館創立50周年記念碑.png,8c32f5a6-8b4c-42a3-aa91-843b2342318d.png,cc8750aa63b519f1cf44c1afee87070f04833387d897cfbc5a2e077bc3907f7e,,★★★★½～★★★★★,留／偏核心,high,preserved_detail_from_visible_session_context,這塊碑原本更精確應理解為『常陽明治記念館創立五十周年記念碑』：1929-04-14 由幕末志士、後任宮內大臣的田中光顕創立常陽明治記念館；1979-04-14 正好五十年時舉行紀念典禮並揭碑。博物館 1997 年改名為幕末と明治の博物館，後來移交大洗町。館本身保存幕末維新人物文物，原始性格也帶有明治天皇與維新功臣顯彰意味；1932 年別館後來也成為登錄有形文化財。這張碑因揭幕日期、機構沿革與創辦人背景都能精確考證，收藏價值高。,常陽明治記念館1929-04-14創立 | 50週年碑1979-04-14揭幕 | 創辦人田中光顕是幕末志士且曾任宮內大臣 | 1997年改為現名 | 館內保存大量幕末明治文物,碑本身也已成為昭和時代如何紀念明治的歷史物件,,https://www.town.oarai.lg.jp/wp/wp-content/uploads/2024/11/1979%E5%B9%B46%E6%9C%8893%E5%8F%B7.pdf | https://www.bakumatsu-meiji.com/bm_about_us.html?utm_source=chatgpt.com | https://www.lib.pref.ibaraki.jp/licsxp-opac/WOpacMsgNewListToTifTilDetailAction.do?tilcod=1001000392722&utm_source=chatgpt.com | https://www.bakumatsu-meiji.com/bm_collection.html?utm_source=chatgpt.com | https://online.bunka.go.jp/heritages/detail/117394,False,False,,,
119,postcard,純白武士,2026-04-29,"Puxin Village, Dayuan District",,screenshots/119_2026-04-29_純白武士.png,9d367ba5-7caf-4047-be10-7b902ae25098.png,41fd7914936a9f816bbbaf1287abcffe147b6b17b206d69e783e0efec6196da5,,★★★☆☆,偏刪,medium,preserved_detail_from_visible_session_context,地點高度吻合桃園機場第一航廈 3F 非管制區的原住民精藝品／工藝展售脈絡。照片中的白色人物不像日本武士，更像泛化的原住民族勇士展示造景；目前找不到正式作品名稱、作者或公共藝術登錄，『純白武士』很可能是 Wayspot 玩家自取名。機場以原住民族文化作為國門展示的脈絡是真實的，但這一件單獨物件的身分不足。,桃園機場第一航廈有原住民精藝品展售空間 | 機場長期以原住民族工藝與文化作為展示內容,白色人物高度可能是該展售／展示空間的商業造景而非正式公共藝術 | 『純白武士』是玩家自取名,人物代表哪一族、設計者、設置年份、是否仍存在,https://www.taoyuan-airport.com/services_facilities/E6932FDB-1B95-EC11-80F5-000C29A1B907?utm_source=chatgpt.com | https://www.hty.com.tw/series.php?act=view&no=102 | https://publicart.tyccc.gov.tw/directory/listing/181?utm_source=chatgpt.com,False,False,,,
120,postcard,公園情趣椅2,,"Shezi, Shilin District",なつめ,screenshots/120_unknown-date_公園情趣椅2.png,1a97c7b9-d748-4f85-aca7-e011ec3d1711.png,3878bd94183a9b00fddf3df9db675b4174854c177f6ba372af6d6be3277f1eb5,,★★★½～★★★★☆,偏留,medium,preserved_detail_from_visible_session_context,本體只是社子里附近公園的一組成人體健設施，『公園情趣椅2』不是正式器材名稱，而是 Wayspot 提交者惡搞式命名。真正加分的是它已在 Pikmin Bloom 玩家社群中被當成荒謬 Wayspot 名稱的迷因，其他玩家也公開吐槽過同一張卡。若純看器材本身價值很低，但作為 Niantic 玩家文化與野生 POI 命名案例有收藏趣味。,照片是公園體健設施 | 『公園情趣椅2』並非查得到的官方設備名 | 社群上有人分享並吐槽同一 Wayspot 名稱,名稱是玩家看到器材造型後的惡搞命名；『2』暗示附近可能還有同系列 Wayspot,器材的精確官方型號、是否確在社子公園內未完全確認,https://www.threads.com/%4011.11_hung/post/DXqziaoEkKX/%E4%B8%8D%E6%98%AF%E5%95%8A-%E5%85%AC%E5%9C%92%E6%83%85%E8%B6%A3%E6%A4%85%E7%9A%AE%E5%85%8B%E6%95%8F%E6%80%8E%E9%BA%BC%E8%AE%8A%E6%88%90%E5%85%92%E7%AB%A5%E4%B8%8D%E5%AE%9C%E5%AE%98%E6%96%B9%E6%9C%89%E6%B2%92%E6%9C%89%E8%80%83%E6%85%AE%E6%94%B9%E5%80%8B%E5%90%8D%E7%A8%B1?utm_source=chatgpt.com | https://babybuild.tw/en/outdoor-fitness-equipment-guide/?utm_source=chatgpt.com | https://interlocution.weebly.com/36328300282639921002-interlocution/066,False,False,,,
121,postcard,Graffiti On The Wall,2026-05-02,"Changan, Beitou District",,screenshots/121_2026-05-02_Graffiti-On-The-Wall.png,52107d68-e8df-4ae0-99b5-5b3e8ed33e50.png,4644b384992c1d20a71beb721f81f5886dce7736e7dc44efb0edb941520f26d8,,★★★★½,留,high,preserved_detail_from_visible_session_context,這張不是一般無名塗鴉。照片上的 e-Life 線索可對應 2012 年臺北市『北投觀光亮點彩繪造街－店舖門面妝點方案』，當年由復興高中美術班學生／校友與地方團體合作，為光明路 119 號 e-Life／想家生活寢飾館量身彩繪鐵捲門。2018 年『北投風情－彩繪鬥市』被官方稱為延續前期彩繪計畫。後續商工資料顯示相關寢飾店已歇業，因此這張成為已消失店家與社區藝術街景的記錄。Wayspot 名『Graffiti On The Wall』過度籠統。,2012官方計畫名單含 e-Life／想家生活寢飾館，地址光明路119號 | 計畫由復興高中美術班與地方合作，以店家營生特色為題材 | 後續相關店家登記已歇業,照片中的門畫即該店量身創作的 2012 彩繪作品,具體學生作者姓名若未在公開資料中逐一列出，仍待補,https://english.udd.gov.taipei/News_Content.aspx?n=DD9CEC17A97FBC64&s=615162018B462900&sms=72544237BBE4C5F6 | https://www.tpedoit.gov.taipei/News_Content.aspx?n=603755835E928BED&s=C9DF00F250EA6E90 | https://findbiz.nat.gov.tw/fts/business/25580005/40100000000001161680?utm_source=chatgpt.com | https://findbiz.nat.gov.tw/fts/business/31854410/20100000000008557061?utm_source=chatgpt.com,False,False,,,
122,postcard,Le Rocher de la Vierge,2026-05-03,Biarritz,,screenshots/122_2026-05-03_Le-Rocher-de-la-Vierge.jpeg,E4B90484-EEB2-42F6-BBC3-528AF3EE81AD.jpeg,b5b48f3425f3ffe9e24a45157791412fa108ed471b8af87e2f417d4f502fb26e,,★★★★★,一定留／核心收藏,high,preserved_detail_from_visible_session_context,法國 Biarritz 的代表性地標『聖母岩』。19 世紀拿破崙三世為建 Port du Refuge 避風港工程開鑿岩礁與交通通道，港工最後失敗；1865 年青銅聖母像安置岩頂後，岩礁逐漸以現名聞名。現有金屬橋常被誤傳為 Gustave Eiffel 設計，官方資料則指向 Schryvers 工場。1931 年景觀受保護，且早在 20 世紀初就已是經典明信片主題。這張同時兼具帝國工程、海洋信仰、城市象徵與『明信片文化本身』。,Biarritz 官方把它視為城市象徵 | 19世紀避難港工程曾改造此岩礁 | 1865年聖母像安置 | 現橋非 Eiffel 本人作品的官方說法 | 1931年成為受保護景觀,Pikmin 明信片延續了一百年以上把此景點當明信片圖像的傳統,官方資料對現橋具體年份存在 1877／1887 的差異,https://www.biarritz.fr/mairie-/-herriko-etxea/charte-graphique-biarritz?utm_source=chatgpt.com | https://www.destination-biarritz.fr/decouvrir/le-rocher-de-la-vierge/ | https://www.ville-imperiale.com/villes/biarritz/le-rocher-de-la-vierge-a-biarritz/ | https://www.destination-biarritz.fr/en/decouvrir/le-rocher-de-la-vierge/?utm_source=chatgpt.com | https://www.biarritz.fr/fileadmin/user_upload/biarritz/Ville/telechargements/AVAP/AVAP2/01-_BIARRITZ_-_AVAP_-_Rapport_de_PrCsentation_-_CM_2017-04-11.pdf?utm_source=chatgpt.com | https://pop.culture.gouv.fr/notice/memoire/IVN00_20070001206?utm_source=chatgpt.com,False,False,,,
123,postcard,舟戸の渡,2026-04-26,"Matsusaka, Iinancho Kayumi",jia,screenshots/123_2026-04-26_舟戸の渡.jpeg,B4D1C4C5-6533-451D-AA3A-AAA03CA84DFD.jpeg,57e4bb28e2d979c82fcc4fab8c84292020d0d736a02ab6c8cf48fc7929d4521f,,★★★★½～★★★★★,留／按星,high,preserved_detail_from_visible_session_context,松阪市飯南町粥見、櫛田川舊渡口遺址。國土交通省資料直接標示『舟戸の渡し場跡』，舊時以平底渡船與長棹（棹ごし）載人馬過河，並位於通往桜峠、田丸、伊勢／熊野方向的舊交通路線。明治時期曾作為縣管理免費渡船；1915 年左右架起簡易橋後，渡船仍並存一段時間，後來由橋梁完全取代。價值在於現地是消失交通方式的真實歷史節點，不只是解說牌。,國交省資料記載舟戸渡口遺址 | 曾以渡船載人馬過櫛田川 | 明治期為公共管理渡船 | 大正時代架橋後渡船逐漸退出,『舟戸』地名與渡船活動高度呼應，但未找到足以百分之百證實語源的文獻,地名語源仍需更直接史料,https://www.mlit.go.jp/river/shinngikai_blog/shaseishin/kasenbunkakai/shouiinkai/kihonhoushin/dai156kai/10.pdf?utm_source=chatgpt.com | https://www.mlit.go.jp/river/basic_info/jigyo_keikaku/gaiyou/seibi/pdf/kushida-4.pdf | https://www.city.matsusaka.mie.jp/uploaded/attachment/82613.pdf?utm_source=chatgpt.com | https://www.city.matsusaka.mie.jp/uploaded/attachment/87640.pdf?utm_source=chatgpt.com,False,False,,,
124,postcard,東名新城PA(上り) 東屋,2026-04-09,"Shinshiro, Tomioka Higashigawa",柳柳,screenshots/124_2026-04-09_東名新城PA(上り)-東屋.jpeg,6273DF04-FA81-48A9-B798-D8E44F608806.jpeg,31bbdf15085d58554a51a6df15ead4c049415220b110933b42e89d06582aef91,,★★★☆☆,偏刪,high,preserved_detail_from_visible_session_context,新城 PA 本身是東名高速早期設施，1969 年隨靜岡 IC～岡崎 IC 路段開通啟用；後來商業設施與廁所等多次更新，2024 年上行廁所棟又使用東三河木材／CLT 等改建。問題是這張 Wayspot 精確拍的只是 PA 內普通綠色東屋（休憩棚），找不到獨立設置年份、設計者或特殊歷史，因此『地方背景有故事、POI 本體太普通』。,新城PA 1969 年啟用 | 上行設施後來有多次更新 | 照片主體是普通戶外休憩東屋,若日後有 PA 本體、歷史標示或新木造建築 postcard，會比這張更具代表性,東屋本體的設置年份與工程資料未查得,https://www.wdic.org/w/GEO/%E6%96%B0%E5%9F%8E%E3%83%91%E3%83%BC%E3%82%AD%E3%83%B3%E3%82%B0%E3%82%A8%E3%83%AA%E3%82%A2?utm_source=chatgpt.com | https://www.e-nexco.co.jp/company/overview/chronology/?utm_source=chatgpt.com | https://www.c-nexco.co.jp/corporate/pressroom/news_old/?id=2719&utm_source=chatgpt.com | https://www.pref.aichi.jp/uploaded/attachment/530786.pdf?utm_source=chatgpt.com | https://sapa.c-nexco.co.jp/sapa/guide?sapainfoid=21&utm_source=chatgpt.com,False,False,,,
125,postcard,捷運北投站2號出口 MRT Beitou Station Exit 2,2026-05-04,"Zhongyang, Beitou District",,screenshots/125_2026-05-04_捷運北投站2號出口-MRT-Beitou-Station-Exit-2.png,1c72622f-f7ac-42e8-b172-4d1d3d6a069f.png,0c3ee4b1f22d469b808a66245e4893fa4ef05c0337eebbd4a75f3df12f5847d6,,★★★½,偏留／可被更具代表性的北投站 postcard 取代,high,preserved_detail_from_visible_session_context,北投站本身可追到 1901 年北淡線交通節點，1997 年改為捷運；但照片中的 2 號出口並非初期就有，而是因人口與運量增加後在既有營運中的高架站南端增建，2018-10-28 啟用。工程受空間與不停駛施工限制，採樓梯與無障礙電梯等配置。北投站又是淡水線少見的四軌、多月台大站，因此這張可視為 2010 年代對既有捷運基礎設施『打補丁』的城市演化紀錄。,北投站現址延續原北淡線北投站交通節點 | 2號出口是後來增建而非1997原始配置 | 2號出口2018-10-28啟用 | 北投站為淡水線特殊多軌站,若收到能呈現四軌／大型桁架屋頂的 postcard，代表性更高,,https://ebook.dorts.gov.taipei/ebook/no34/files/basic-html/page68.html?utm_source=chatgpt.com | https://www.cna.com.tw/news/aloc/201810280113.aspx?utm_source=chatgpt.com | https://sec.gov.taipei/News_Content.aspx?n=49B4C3242CB7658C&s=7944315E14810C76&sms=72544237BBE4C5F6&utm_source=chatgpt.com | https://ebook.dorts.gov.taipei/ebook/no34/files/basic-html/page45.html?utm_source=chatgpt.com | https://zh.wikipedia.org/wiki/%E5%8C%97%E6%8A%95%E7%AB%99?utm_source=chatgpt.com | https://ebook.dorts.gov.taipei/ebook/no7/files/basic-html/page105.html?utm_source=chatgpt.com | https://ebook.dorts.gov.taipei/ebook/no34/files/basic-html/page50.html?utm_source=chatgpt.com,False,False,,,
126,postcard,老k,2026-05-04,"Longsheng, Daan District",,screenshots/126_2026-05-04_老k.png,33cc35ad-5e65-41ae-98fe-5a573efea93d.png,1cb9b65d3672aeaeedf76db2d8a1f2cac31ddf6630ff73a5bf5526bc6b9f8af5,,★★½☆☆,偏刪,medium,preserved_detail_from_visible_session_context,照片是大安區龍生里一扇裝飾性老式鐵門／鐵花門，『老k』查不到正式作品、建築、作者或地方文化資產對應，可能只是 Wayspot 暱稱。類型本身可放進台灣戰後住宅鐵花窗／黑鐵工藝史：1960～80 年代曾非常盛行客製化鐵件，後來逐漸被大量不鏽鋼製品取代。但目前只能說『這類型有文化史』，無法證明『這一件』的年代、作者或故事。,照片本體是裝飾鐵門／鐵花構件 | 查不到可對應『老k』的正式作品資料 | 台灣住宅鐵花窗在戰後數十年有重要工藝與生活史脈絡,可能是私人住宅鐵門；名稱可能是玩家暱稱,『老k』命名由來、鐵門年代、作者、建築身分均未知,https://li.taipei/News_Content.aspx?n=8CC4391B60340D9C&s=492D887A038F525D&sms=D982815F3A372FF5&utm_source=chatgpt.com | https://magazine.ncfta.gov.tw/News_Content2.aspx?n=3131&s=82570&utm_source=chatgpt.com | https://magazine.ncfta.gov.tw/News_Content2.aspx?n=1932&s=82605&sms=11545&utm_source=chatgpt.com,False,False,,,
127,postcard,五彩攀爬網架滑梯,2026-05-05,"Zhoumei, Beitou District",,screenshots/127_2026-05-05_五彩攀爬網架滑梯.png,030d8e47-7e13-4f13-8dc8-23f2ad51c0ba.png,63fde248cf68188f593124cd2bf442c0c698e2e6b053a9d292ac6410777be7b0,,★★★★☆,留,high,preserved_detail_from_visible_session_context,位在北投洲美河雙21河濱公園的端午／屈原文化主題兒童遊戲場。官方把對應遊具稱『五彩攀爬架滑梯』，五彩意象來自端午五色絲線；同場還有龍船、粽子、白浪等主題遊具。這個設計和洲美在地屈原宮、龍舟點睛與祭江傳統相連，因此不是一般罐頭遊具。工程約 2022 開工、2023 開放，年代很新，但在地文化設計來源清楚。,官方有『五彩攀爬架滑梯』名稱 | 遊戲場以端午、龍舟、屈原文化為主題 | 洲美屈原宮與台北龍舟活動有長期連結 | 遊戲場約2023年開放,Wayspot 名多出的『網』字屬小幅命名差異，不影響身分,,https://heo.gov.taipei/News_Content.aspx?n=1FE45A3FEA3D194E&s=FA31F6F1887E4FDB&sms=72544237BBE4C5F6&utm_source=chatgpt.com | https://crgis.rchss.sinica.edu.tw/temples/TaipeiCity/beitou/63012019-QYG?utm_source=chatgpt.com | https://www.gov.taipei/News_Content.aspx?n=F0DDAF49B89E9413&s=F629FE0A13D4C09F&utm_source=chatgpt.com | https://heo.gov.taipei/cp.aspx?n=7B7B4F40764D8947&utm_source=chatgpt.com,False,False,,,
128,postcard,洲美運動公園平面配置圖,2026-05-05,"Zhoumei, Beitou District",,screenshots/128_2026-05-05_洲美運動公園平面配置圖.png,d736ec80-739c-4447-afcd-596cdd4b4b6b.png,17aa4261610ade4caa1f3e54872b09ae7f262b7acd3427d168bd0c1c5b6f5ed8,,★★★½,偏留／可被更具代表性的設施照取代,high,preserved_detail_from_visible_session_context,這不是上一張河雙21遊戲場，而是北投垃圾焚化廠體系下的洲美運動公園回饋設施。公園屬典型鄰避設施補償／地方回饋脈絡：焚化廠所在地承受負擔，市府用運動、公園、游泳與公共設施回饋地方。洲美運動公園 2004-07-17 啟用，至今仍屬焚化廠回饋設施的一部分。故事很有城市治理價值，但 postcard 本體只是一塊平面配置圖，因此屬『故事值得保存，載體可替代』。,洲美運動公園與北投焚化廠地方回饋制度相關 | 2004-07-17正式啟用 | 現在仍作為運動／休閒回饋設施,若有入口牌、焚化廠煙囪觀景台或更能呈現整體關係的 postcard，會比配置圖更好,這塊配置圖本身的設置年份／設計者未查得,https://www.ptrip.gov.taipei/cp.aspx?n=BA3D30F2411C9D11&utm_source=chatgpt.com | https://www.gov.taipei/News_Content.aspx?n=D07E52F0FF169E83&s=B82E1227BA84594F&sms=4F76BD4E1FD15647&utm_source=chatgpt.com | https://www-ws.gov.taipei/001/Upload/537/relfile/26470/3886797/183011002.pdf?utm_source=chatgpt.com | https://www.ptrip.gov.taipei/News_Content.aspx?n=28AD3965E62FD809&s=C5248912BFA21CC5&sms=87415A8B9CE81B16&utm_source=chatgpt.com,False,False,,,
129,postcard,北科大建校70年紀念碑,2026-05-05,"Minhui, Daan District",,screenshots/129_2026-05-05_北科大建校70年紀念碑.png,394f2c3f-336c-4a2d-a256-5babd2da9cb5.png,d87109e83176fb7f2d9873aa4c62d38339b67e14264870af6e616e767f94ec70,,★★★★½～★★★★★,一定留／按星,high,preserved_detail_from_visible_session_context,Wayspot 名把它簡化成『紀念碑』，實際上是北科大的『建校七十年鐘塔／鐘樓』。其源頭在 1981 前後臺北工專建校七十年與改隸國立時期，由校友號召集資興建，長期位於忠孝東路與建國南路口，成為校園精神地標。北科校史可追到 1912 年工業講習所；鐘樓一路見證臺北工專、臺北技術學院到臺北科技大學。2025 年又完成較大規模重建／整修，保留原意象與舊校徽，因此 postcard 保存了整修前綠磁磚版舊貌，具有時間膠囊價值。,官方稱其為建校七十年鐘塔／鐘樓 | 由校友集資興建 | 北科官方校史起點採1912年 | 2025年完成鐘樓重建／整修,這張 postcard 的舊貌紀錄價值因 2025 改造而增加,1981／1982『七十年』計算法牽涉當時紀年與校史認定差異，宜保留原時代語境,https://alc.ntut.edu.tw/p/405-1029-22622%2Cc3438.php?Lang=zh-tw | https://oia.ntut.edu.tw/p/412-1032-9080.php?Lang=zh-tw&utm_source=chatgpt.com | https://news.ntut.edu.tw/p/404-1000-140701.php?utm_source=chatgpt.com | https://ntutana.org.tw/114%E5%B9%B46%E6%9C%8810%E6%97%A5%E4%BA%8C%E9%90%98%E6%A8%93%E9%87%8D%E5%BB%BA%E7%AB%A3%E5%B7%A5%E6%8D%90%E8%B4%88%E5%89%AA%E7%B6%B5%E6%8F%AD%E5%B9%95%E5%84%80%E5%BC%8F/?utm_source=chatgpt.com | https://www.aantut.org/Article_AboutUs_P02.php?utm_source=chatgpt.com | https://news.ntut.edu.tw/p/404-1000-146281.php?utm_source=chatgpt.com | https://me1.ntut.edu.tw/p/412-1062-10465.php?Lang=zh-tw&utm_source=chatgpt.com,False,False,,,
130,postcard,客家公園-麻花燈籠,2026-05-05,"Linxing, Zhongzheng District",,screenshots/130_2026-05-05_客家公園-麻花燈籠.png,42f59e1e-b8a2-4a33-8b62-12302fa7c1e8.png,562c31f7306f7131e7b47d0be09a716ecdf81f5a2b1547d9a31cf3ca65685321,,,,not_recovered,prior_research_not_recovered_from_compacted_context,"The original postcard screenshot and its visible metadata are preserved. This session did contain postcard-by-postcard discussion, but the full prior assistant research text for this item was not available in the compacted conversation context used during export. No replacement web research was invented or silently substituted.",,,Recover/merge the original per-postcard research from the source-session transcript if available.,,False,False,,,
131,postcard,T字管猴,2026-05-05,"Meihua, Zhongzheng District",,screenshots/131_2026-05-05_T字管猴.png,e693c3ab-24be-4e39-b1d9-86f88eda890f.png,c192906ca7d15134350b0f6d0ef2a4bc63a8806a82597e1c21ffa42ad50d16f7,,,,not_recovered,prior_research_not_recovered_from_compacted_context,"The original postcard screenshot and its visible metadata are preserved. This session did contain postcard-by-postcard discussion, but the full prior assistant research text for this item was not available in the compacted conversation context used during export. No replacement web research was invented or silently substituted.",,,Recover/merge the original per-postcard research from the source-session transcript if available.,,False,False,,,
